,Pupil's name,Parental Contact Full Name,Parental Contact Email Address,Academic Year
0,"Nellies, Ronna","Nellies, Purcell",Purcell.Nellies@Demizz.com,2
1,"Andriulis, Rusty","Andriulis, Vassili",Vassili.Andriulis@Brainbox.com,4
2,"Oakeshott, Roberta","Oakeshott, Haskell",Haskell.Oakeshott@Centidel.com,4
3,"Rubinfajn, Lola","Rubinfajn, Tresa",Tresa.Rubinfajn@Edgeblab.com,4
4,"Benedtti, Kamila","Benedtti, Adela",Adela.Benedtti@Trudoo.com,4
5,"Colebourn, Avery","Colebourn, Dalenna",Dalenna.Colebourn@Linktype.com,4
6,"Klimko, Valentino","Klimko, Onofredo",Onofredo.Klimko@Thoughtblab.com,1
7,"Shearwood, Cal","Shearwood, Berne",Berne.Shearwood@Browseblab.com,1
8,"Truswell, King","Truswell, Evvy",Evvy.Truswell@Photospace.com,3
9,"Stichall, Towney","Stichall, Joyann",Joyann.Stichall@Kwimbee.com,1
10,"Mc Dermid, Aubrette","Mc Dermid, Giraldo",Giraldo.Mc Dermid@Oyonder.com,3
11,"Chatres, Adah","Chatres, Dalia",Dalia.Chatres@Jabbercube.com,3
12,"Titterton, Benedikt","Titterton, Zelma",Zelma.Titterton@Blogtag.com,2
13,"Harberer, Rosina","Harberer, Esther",Esther.Harberer@Trilith.com,3
14,"Filinkov, Panchito","Filinkov, Dasi",Dasi.Filinkov@Flashspan.com,3
15,"Strike, Samara","Strike, Harlene",Harlene.Strike@Innojam.com,3
16,"McCormack, Joane","McCormack, Marsiella",Marsiella.McCormack@Zooxo.com,4
17,"Sitlinton, Griffie","Sitlinton, Hunfredo",Hunfredo.Sitlinton@Meedoo.com,2
18,"Silversmidt, Gilberta","Silversmidt, Tawsha",Tawsha.Silversmidt@Babbleblab.com,1
19,"Matkovic, Marjie","Matkovic, Finn",Finn.Matkovic@Youbridge.com,4
20,"Cowterd, Uri","Cowterd, Larina",Larina.Cowterd@Jabbersphere.com,4
21,"Mattisson, Korella","Mattisson, Marsha",Marsha.Mattisson@Flipopia.com,1
22,"Schonfelder, Findlay","Schonfelder, Aldridge",Aldridge.Schonfelder@Dabtype.com,2
23,"Jantzen, Jaquelyn","Jantzen, Jayme",Jayme.Jantzen@Vitz.com,3
24,"Gradwell, Davina","Gradwell, Junie",Junie.Gradwell@Leexo.com,4
25,"Selby, Nicolea","Selby, Rheba",Rheba.Selby@Kwimbee.com,2
26,"Alelsandrovich, Moselle","Alelsandrovich, Quentin",Quentin.Alelsandrovich@Feedfire.com,3
27,"Nieass, Honey","Nieass, Hermon",Hermon.Nieass@Gigabox.com,1
28,"Godfroy, Akim","Godfroy, Maren",Maren.Godfroy@Buzzshare.com,3
29,"Floch, Karole","Floch, Cynthia",Cynthia.Floch@Zava.com,3
30,"Feldbaum, Nata","Feldbaum, Zita",Zita.Feldbaum@Skidoo.com,1
31,"Antonucci, Jaquelin","Antonucci, Mathe",Mathe.Antonucci@DabZ.com,4
32,"Hallums, Candra","Hallums, Raye",Raye.Hallums@Realbridge.com,2
33,"Masters, Den","Masters, Hermon",Hermon.Masters@Photospace.com,1
34,"Marris, Janifer","Marris, Ilyssa",Ilyssa.Marris@Thoughtworks.com,4
35,"Bremmer, Carolus","Bremmer, Gal",Gal.Bremmer@Kanoodle.com,4
36,"Addicote, Casey","Addicote, Vina",Vina.Addicote@Fiveclub.com,1
37,"De Ath, Brigida","De Ath, Alastair",Alastair.De Ath@Eamia.com,2
38,"Severs, Kimberli","Severs, Annabell",Annabell.Severs@Jaxspan.com,4
39,"Blumson, Maribeth","Blumson, Sarajane",Sarajane.Blumson@Topicblab.com,2
40,"Rosenauer, Arabele","Rosenauer, Vernen",Vernen.Rosenauer@Zava.com,3
41,"Cominetti, Madison","Cominetti, Paulie",Paulie.Cominetti@Tekfly.com,2
42,"Knoton, Verina","Knoton, Melantha",Melantha.Knoton@Jabbercube.com,2
43,"Clubbe, Wolfgang","Clubbe, Claudelle",Claudelle.Clubbe@Cogilith.com,2
44,"Mazdon, Davin","Mazdon, Germain",Germain.Mazdon@Ainyx.com,1
45,"McIlwaine, Constantina","McIlwaine, Onfre",Onfre.McIlwaine@Thoughtstorm.com,2
46,"Merredy, Sayre","Merredy, Antoni",Antoni.Merredy@Browsebug.com,1
47,"Jeannot, Rodrick","Jeannot, Gerick",Gerick.Jeannot@Bubbletube.com,2
48,"Guerre, Kain","Guerre, Walker",Walker.Guerre@Roomm.com,1
49,"Fieldstone, Blinni","Fieldstone, Rudolfo",Rudolfo.Fieldstone@Yoveo.com,2
50,"Goscomb, Annabell","Goscomb, Joann",Joann.Goscomb@Photofeed.com,2
51,"Benazet, Clayborn","Benazet, Robers",Robers.Benazet@Devpoint.com,1
52,"Henze, Mahala","Henze, Fredra",Fredra.Henze@Meevee.com,1
53,"Berzen, Lanette","Berzen, Chrisy",Chrisy.Berzen@Roombo.com,4
54,"Ruckhard, Keefer","Ruckhard, Ashlie",Ashlie.Ruckhard@Dynazzy.com,3
55,"Truelock, Merrili","Truelock, Felicdad",Felicdad.Truelock@Meembee.com,2
56,"Goutcher, Joete","Goutcher, Mandi",Mandi.Goutcher@Flipstorm.com,1
57,"Palfreman, Miguelita","Palfreman, Chloris",Chloris.Palfreman@Wikizz.com,4
58,"Mattes, Ossie","Mattes, Issy",Issy.Mattes@Jaxspan.com,4
59,"Vernay, Bear","Vernay, Joanie",Joanie.Vernay@Quaxo.com,2
60,"Wragge, Teodor","Wragge, Dotti",Dotti.Wragge@Zoomlounge.com,1
61,"Whitelaw, Daisie","Whitelaw, Annabella",Annabella.Whitelaw@Rhynyx.com,2
62,"Littley, Emlynne","Littley, Kitty",Kitty.Littley@Kare.com,1
63,"Walsh, Britni","Walsh, Gwendolyn",Gwendolyn.Walsh@Yamia.com,4
64,"Inseal, Marys","Inseal, Lisle",Lisle.Inseal@Kamba.com,3
65,"Massow, Paxton","Massow, Codie",Codie.Massow@Jabbertype.com,2
66,"Scain, Kerby","Scain, Cortie",Cortie.Scain@Zava.com,3
67,"Lamplough, Johnathan","Lamplough, Penelopa",Penelopa.Lamplough@Tagcat.com,2
68,"Donald, Jeni","Donald, Ilysa",Ilysa.Donald@Rhybox.com,3
69,"Abrahamsohn, Sylvia","Abrahamsohn, Fin",Fin.Abrahamsohn@Fivebridge.com,3
70,"Stoyle, Cinnamon","Stoyle, Valerye",Valerye.Stoyle@Browsecat.com,4
71,"Amey, Issi","Amey, Llewellyn",Llewellyn.Amey@Fiveclub.com,3
72,"Letson, Brion","Letson, Zacharie",Zacharie.Letson@Gigashots.com,3
73,"Sire, Nappie","Sire, Hansiain",Hansiain.Sire@Avamba.com,4
74,"Chapelle, Pattie","Chapelle, Orazio",Orazio.Chapelle@Trilia.com,4
75,"Armit, Brynna","Armit, Evania",Evania.Armit@Jamia.com,4
76,"Bruinsma, Gauthier","Bruinsma, Massimiliano",Massimiliano.Bruinsma@Skaboo.com,2
77,"Gudgeon, Pren","Gudgeon, Hobard",Hobard.Gudgeon@Tagopia.com,2
78,"Husthwaite, Wyn","Husthwaite, Karoly",Karoly.Husthwaite@Vinte.com,2
79,"Padrick, Allianora","Padrick, Sharline",Sharline.Padrick@Jabbercube.com,4
80,"Bennough, Malena","Bennough, Osgood",Osgood.Bennough@Photolist.com,3
81,"Winscom, Jarret","Winscom, Beilul",Beilul.Winscom@Gabtune.com,3
82,"Salmen, Ree","Salmen, Laughton",Laughton.Salmen@Zoombox.com,2
83,"Dommerque, Hope","Dommerque, Horace",Horace.Dommerque@Midel.com,1
84,"Trowle, Guillermo","Trowle, Marina",Marina.Trowle@Wikizz.com,3
85,"Cottingham, Tibold","Cottingham, Idell",Idell.Cottingham@Wordware.com,2
86,"Poxton, Cecilia","Poxton, Zea",Zea.Poxton@Rhynyx.com,2
87,"Sleney, Arri","Sleney, Waylin",Waylin.Sleney@Skilith.com,2
88,"Isenor, Regina","Isenor, Jany",Jany.Isenor@Skiba.com,4
89,"Roll, Annalise","Roll, Cammy",Cammy.Roll@Trupe.com,4
90,"Blyth, Othello","Blyth, Beitris",Beitris.Blyth@Realpoint.com,2
91,"Heyball, Ave","Heyball, Wylma",Wylma.Heyball@Twinder.com,4
92,"Civitillo, Friederike","Civitillo, Venus",Venus.Civitillo@Yamia.com,1
93,"Rizzini, Hayley","Rizzini, Darryl",Darryl.Rizzini@Oodoo.com,2
94,"Monery, Blakelee","Monery, Zsa zsa",Zsa zsa.Monery@Skyvu.com,2
95,"Cowton, Jacenta","Cowton, Jenny",Jenny.Cowton@Voonyx.com,3
96,"Westmoreland, Karlyn","Westmoreland, Selene",Selene.Westmoreland@Tazzy.com,1
97,"Bachellier, Yancey","Bachellier, Arabel",Arabel.Bachellier@Realblab.com,1
98,"Lissandrini, Nerte","Lissandrini, Alfonso",Alfonso.Lissandrini@Abata.com,4
99,"Crosthwaite, Dorolice","Crosthwaite, Roley",Roley.Crosthwaite@JumpXS.com,1
100,"Thorley, Brantley","Thorley, Haywood",Haywood.Thorley@Viva.com,4
101,"Cypler, Robin","Cypler, Belle",Belle.Cypler@Devshare.com,1
102,"Allsepp, Phillie","Allsepp, Georgianna",Georgianna.Allsepp@Skaboo.com,4
103,"Artz, Toddie","Artz, Saidee",Saidee.Artz@Zooxo.com,3
104,"Antoshin, Marje","Antoshin, Vassily",Vassily.Antoshin@Topicstorm.com,1
105,"Blazdell, Rochella","Blazdell, Morten",Morten.Blazdell@Dynava.com,1
106,"Thursfield, Aryn","Thursfield, Dita",Dita.Thursfield@Tekfly.com,1
107,"Antowski, Isaiah","Antowski, Abbye",Abbye.Antowski@Agimba.com,2
108,"Owbridge, Helli","Owbridge, Denise",Denise.Owbridge@Linklinks.com,2
109,"Scourgie, Hadrian","Scourgie, Elena",Elena.Scourgie@Linkbridge.com,4
110,"Nanetti, Toddie","Nanetti, Kit",Kit.Nanetti@Mynte.com,2
111,"Sugar, Inger","Sugar, Collin",Collin.Sugar@Divanoodle.com,4
112,"Meyer, Lezlie","Meyer, Nevile",Nevile.Meyer@Fiveclub.com,1
113,"Krinks, Rowland","Krinks, Abbe",Abbe.Krinks@Flashspan.com,1
114,"Baumber, Fair","Baumber, Elnar",Elnar.Baumber@Oyope.com,4
115,"Graver, Ekaterina","Graver, Adam",Adam.Graver@Thoughtbridge.com,2
116,"Spear, Farris","Spear, Amie",Amie.Spear@Skipfire.com,2
117,"Croisier, Shanie","Croisier, Wendye",Wendye.Croisier@Skalith.com,2
118,"Skerme, Fredric","Skerme, Katinka",Katinka.Skerme@Edgeblab.com,4
119,"Udall, Christoph","Udall, Abagael",Abagael.Udall@Divavu.com,4
120,"Koba, Jared","Koba, Merna",Merna.Koba@Yakitri.com,4
121,"Gouley, Lucina","Gouley, Neall",Neall.Gouley@Browsecat.com,2
122,"Fosbraey, Milka","Fosbraey, Kirsten",Kirsten.Fosbraey@Livetube.com,4
123,"Aldwinckle, Iseabal","Aldwinckle, Cherice",Cherice.Aldwinckle@Trunyx.com,3
124,"Featherstonehaugh, Colet","Featherstonehaugh, Brook",Brook.Featherstonehaugh@Pixoboo.com,4
125,"Skaif, Jewelle","Skaif, Claus",Claus.Skaif@Zoozzy.com,1
126,"Plumridge, Brose","Plumridge, Tudor",Tudor.Plumridge@Eare.com,3
127,"Oldknow, Dotty","Oldknow, Hoyt",Hoyt.Oldknow@Janyx.com,2
128,"Conneely, Stacy","Conneely, Emmalee",Emmalee.Conneely@Kayveo.com,2
129,"Ballister, Iona","Ballister, Sutton",Sutton.Ballister@Zoombeat.com,2
130,"Curgenuer, Windy","Curgenuer, Gerda",Gerda.Curgenuer@Minyx.com,2
131,"Echalie, Kienan","Echalie, Tommie",Tommie.Echalie@Digitube.com,1
132,"Curley, Nollie","Curley, Phyllida",Phyllida.Curley@Thoughtsphere.com,2
133,"McGrory, Joelle","McGrory, Annissa",Annissa.McGrory@Eabox.com,4
134,"Schmidt, Pooh","Schmidt, Thedric",Thedric.Schmidt@BlogXS.com,4
135,"Phelipeaux, Coral","Phelipeaux, Evangelina",Evangelina.Phelipeaux@Livepath.com,4
136,"McKeachie, Gifford","McKeachie, Elbertine",Elbertine.McKeachie@Eimbee.com,1
137,"Videan, Orelee","Videan, Sterne",Sterne.Videan@Fadeo.com,2
138,"Scamerden, Toiboid","Scamerden, Ramon",Ramon.Scamerden@Jabbersphere.com,2
139,"Longstaff, Shirline","Longstaff, Calley",Calley.Longstaff@Youbridge.com,3
140,"D'Alessandro, Hurley","D'Alessandro, Sofia",Sofia.D'Alessandro@Miboo.com,2
141,"Di Domenico, Orelia","Di Domenico, Ryon",Ryon.Di Domenico@Zooxo.com,1
142,"O'Corrin, Glynda","O'Corrin, Kristel",Kristel.O'Corrin@Quimm.com,3
143,"Caraher, Bailie","Caraher, Yolanthe",Yolanthe.Caraher@Kimia.com,2
144,"Pattenden, Elizabeth","Pattenden, Jeff",Jeff.Pattenden@BlogXS.com,3
145,"Lardnar, Florian","Lardnar, Etienne",Etienne.Lardnar@Snaptags.com,2
146,"Caherny, Chantal","Caherny, Morena",Morena.Caherny@Demizz.com,3
147,"McMenamin, Sasha","McMenamin, Ermin",Ermin.McMenamin@Agimba.com,4
148,"Verbeek, Ivar","Verbeek, Kienan",Kienan.Verbeek@Devpulse.com,4
149,"Challicombe, Jamaal","Challicombe, Bettine",Bettine.Challicombe@Yodoo.com,3
150,"Milnes, Cello","Milnes, Irving",Irving.Milnes@Photobean.com,3
151,"Leinster, Leese","Leinster, Nonnah",Nonnah.Leinster@Avaveo.com,3
152,"Bernardet, Aleece","Bernardet, Milicent",Milicent.Bernardet@Thoughtbridge.com,1
153,"Penwell, Archibaldo","Penwell, Katuscha",Katuscha.Penwell@Twitterbeat.com,4
154,"Dodding, Berkly","Dodding, Vincenz",Vincenz.Dodding@Realpoint.com,1
155,"Stive, Ynez","Stive, Ulberto",Ulberto.Stive@Livetube.com,1
156,"Ebbin, Francene","Ebbin, Boigie",Boigie.Ebbin@JumpXS.com,3
157,"Bowring, Ilise","Bowring, Fey",Fey.Bowring@Ozu.com,4
158,"Knoton, Clo","Knoton, Demetris",Demetris.Knoton@Skimia.com,2
159,"Valti, Guthrie","Valti, Frankie",Frankie.Valti@Chatterbridge.com,2
160,"Whartonby, Stacey","Whartonby, Bailey",Bailey.Whartonby@Fatz.com,3
161,"Siggers, Ernesta","Siggers, Anet",Anet.Siggers@Thoughtsphere.com,1
162,"Espinet, Denice","Espinet, Clementius",Clementius.Espinet@Myworks.com,3
163,"Luesley, Antin","Luesley, Prince",Prince.Luesley@Ozu.com,4
164,"Brash, Alon","Brash, Pearla",Pearla.Brash@Youspan.com,4
165,"Penke, Harlen","Penke, Delaney",Delaney.Penke@Flipopia.com,2
166,"Anten, Pyotr","Anten, Darrell",Darrell.Anten@Jaxbean.com,4
167,"Skelton, Sean","Skelton, Pryce",Pryce.Skelton@Quatz.com,4
168,"Johanssen, Cary","Johanssen, Elonore",Elonore.Johanssen@Tagopia.com,3
169,"Keywood, Yuri","Keywood, Waneta",Waneta.Keywood@Photojam.com,2
170,"Narducci, Ronnie","Narducci, Thibaud",Thibaud.Narducci@Eadel.com,1
171,"Longmore, Chucho","Longmore, Kristen",Kristen.Longmore@Photobean.com,3
172,"Kupka, Caleb","Kupka, Mandi",Mandi.Kupka@Yadel.com,2
173,"Harmant, Robbin","Harmant, Ana",Ana.Harmant@Meedoo.com,1
174,"Shotboult, Gaylor","Shotboult, Norina",Norina.Shotboult@Eadel.com,2
175,"Tolefree, Lamont","Tolefree, Tim",Tim.Tolefree@Quire.com,4
176,"Upjohn, Wood","Upjohn, Marlo",Marlo.Upjohn@Edgeblab.com,4
177,"Seeds, Brady","Seeds, Lita",Lita.Seeds@Fivebridge.com,4
178,"Litherborough, Selma","Litherborough, Kaile",Kaile.Litherborough@Katz.com,2
179,"Peasee, Carly","Peasee, Teddi",Teddi.Peasee@Tambee.com,2
180,"Artinstall, Rose","Artinstall, Ainsley",Ainsley.Artinstall@LiveZ.com,2
181,"Oleksiak, Hi","Oleksiak, Faina",Faina.Oleksiak@Meetz.com,3
182,"Smardon, Berti","Smardon, Truda",Truda.Smardon@Bubbletube.com,2
183,"Halbard, Lorraine","Halbard, Teriann",Teriann.Halbard@Skynoodle.com,3
184,"Sherewood, Aldis","Sherewood, Carma",Carma.Sherewood@Brainbox.com,3
185,"McGourty, Rabbi","McGourty, Iris",Iris.McGourty@Aimbo.com,3
186,"Layson, Julietta","Layson, Ali",Ali.Layson@Browsecat.com,2
187,"Ditch, Graehme","Ditch, Pierce",Pierce.Ditch@Skivee.com,1
188,"Zanussii, Benetta","Zanussii, Vivie",Vivie.Zanussii@Oodoo.com,4
189,"Seelbach, Pandora","Seelbach, Baldwin",Baldwin.Seelbach@Cogilith.com,2
190,"Crotty, Hatty","Crotty, Caspar",Caspar.Crotty@Realfire.com,2
191,"Pogue, Tessa","Pogue, Moe",Moe.Pogue@Mydeo.com,1
192,"Doogan, Grantley","Doogan, Gerda",Gerda.Doogan@Pixoboo.com,2
193,"Lanning, Sunny","Lanning, Romonda",Romonda.Lanning@Tagpad.com,1
194,"Applegarth, L;urette","Applegarth, Bonny",Bonny.Applegarth@Edgeblab.com,3
195,"Oscroft, Wendy","Oscroft, Tore",Tore.Oscroft@Meemm.com,1
196,"Baldack, Ev","Baldack, Emilio",Emilio.Baldack@Tekfly.com,1
197,"Pesek, Jania","Pesek, Alis",Alis.Pesek@Quinu.com,4
198,"Shenton, Kelley","Shenton, Caron",Caron.Shenton@Eamia.com,3
199,"Sekulla, Doralynne","Sekulla, Stefa",Stefa.Sekulla@Mydo.com,1
200,"Harrald, Price","Harrald, Nanci",Nanci.Harrald@Chatterpoint.com,3
201,"Welburn, Allen","Welburn, Sammy",Sammy.Welburn@Jabberstorm.com,1
202,"Doag, Merwin","Doag, Sophronia",Sophronia.Doag@Skiba.com,1
203,"Symonds, Jeannette","Symonds, Kaylyn",Kaylyn.Symonds@Vipe.com,3
204,"Heckner, Valaree","Heckner, Hinda",Hinda.Heckner@Jaxbean.com,4
205,"Palmar, Gussie","Palmar, Alyosha",Alyosha.Palmar@Devcast.com,2
206,"Beggan, Yehudi","Beggan, Penrod",Penrod.Beggan@Topicstorm.com,2
207,"Tuson, Drusilla","Tuson, Denny",Denny.Tuson@Browseblab.com,1
208,"Dowtry, Alanah","Dowtry, Kare",Kare.Dowtry@Topicblab.com,2
209,"Cobleigh, Kathlin","Cobleigh, Warde",Warde.Cobleigh@Agivu.com,1
210,"Curston, Layne","Curston, Abbi",Abbi.Curston@Mybuzz.com,2
211,"Shropshire, Idell","Shropshire, Michaela",Michaela.Shropshire@Edgeclub.com,1
212,"Whelan, Kimbra","Whelan, Humbert",Humbert.Whelan@Thoughtbeat.com,2
213,"Godsell, Nadean","Godsell, Stefania",Stefania.Godsell@Tavu.com,3
214,"Liger, Katinka","Liger, Gavan",Gavan.Liger@Katz.com,3
215,"Kettles, Fallon","Kettles, Isador",Isador.Kettles@Avavee.com,3
216,"Powland, Tally","Powland, Corby",Corby.Powland@Blognation.com,1
217,"Jerosch, Nolan","Jerosch, Rockie",Rockie.Jerosch@Quatz.com,1
218,"Yukhnini, Viva","Yukhnini, Rik",Rik.Yukhnini@Digitube.com,4
219,"Jurewicz, Nevile","Jurewicz, Reuven",Reuven.Jurewicz@Lazz.com,2
220,"Kaes, Brand","Kaes, Concettina",Concettina.Kaes@Feedfire.com,2
221,"De la Yglesia, Celine","De la Yglesia, Maudie",Maudie.De la Yglesia@Voomm.com,4
222,"Snary, Adrian","Snary, Kenton",Kenton.Snary@Fivebridge.com,3
223,"Casterot, Anny","Casterot, Bryon",Bryon.Casterot@Zava.com,1
224,"Cosins, Jacques","Cosins, Hale",Hale.Cosins@Kimia.com,4
225,"Greenhalf, Lauretta","Greenhalf, Iris",Iris.Greenhalf@Voomm.com,2
226,"Condie, Ettie","Condie, Elenore",Elenore.Condie@Kwilith.com,3
227,"Fellows, Tailor","Fellows, Nelie",Nelie.Fellows@Livetube.com,4
228,"Szimon, Iago","Szimon, Danyelle",Danyelle.Szimon@Rhyloo.com,2
229,"Kittow, Howard","Kittow, Amii",Amii.Kittow@Buzzster.com,2
230,"Okenden, Smith","Okenden, Tallie",Tallie.Okenden@Mymm.com,3
231,"Kibby, West","Kibby, Peggi",Peggi.Kibby@Vinder.com,2
232,"Randalston, Perren","Randalston, Wilton",Wilton.Randalston@Quamba.com,2
233,"Chiese, Garnette","Chiese, Glenden",Glenden.Chiese@Aibox.com,2
234,"Huntingdon, Mace","Huntingdon, Jamison",Jamison.Huntingdon@Oodoo.com,4
235,"Parysowna, Konstantine","Parysowna, Nevins",Nevins.Parysowna@Photobug.com,1
236,"Oseman, Cristina","Oseman, Bernadina",Bernadina.Oseman@Fivespan.com,4
237,"McClements, Finley","McClements, Bryna",Bryna.McClements@Voolith.com,3
238,"Barends, Vic","Barends, Culley",Culley.Barends@Gigashots.com,1
239,"Coyle, Bartholomew","Coyle, Kristan",Kristan.Coyle@Twimm.com,4
240,"Dunlea, Krystal","Dunlea, Pauletta",Pauletta.Dunlea@Rhynoodle.com,4
241,"Lundy, Mireielle","Lundy, Madge",Madge.Lundy@Twinte.com,2
242,"Almond, Sharla","Almond, Dita",Dita.Almond@Flashspan.com,4
243,"Templeton, Sibeal","Templeton, Jerrylee",Jerrylee.Templeton@Mybuzz.com,4
244,"Clayworth, Pearce","Clayworth, Anitra",Anitra.Clayworth@Divavu.com,4
245,"Greder, Sheelah","Greder, Katya",Katya.Greder@Feedfish.com,3
246,"Wybrow, Joly","Wybrow, Elayne",Elayne.Wybrow@Talane.com,1
247,"Antonazzi, Bondon","Antonazzi, Vite",Vite.Antonazzi@Rhynoodle.com,4
248,"Biglin, Gwen","Biglin, Winifred",Winifred.Biglin@Eidel.com,4
249,"Blowen, Kip","Blowen, Othella",Othella.Blowen@Twiyo.com,1
250,"Orrocks, Moises","Orrocks, Katerine",Katerine.Orrocks@Pixoboo.com,3
251,"Shoveller, Norbie","Shoveller, Yorgos",Yorgos.Shoveller@Jabberstorm.com,3
252,"Piperley, Matty","Piperley, Liza",Liza.Piperley@Ooba.com,2
253,"Scamadine, Wileen","Scamadine, Silvanus",Silvanus.Scamadine@Eidel.com,1
254,"Batiste, Armstrong","Batiste, Reuben",Reuben.Batiste@JumpXS.com,4
255,"Blanning, Daisey","Blanning, Chrysa",Chrysa.Blanning@Centimia.com,3
256,"Ouchterlony, Jammal","Ouchterlony, Olivia",Olivia.Ouchterlony@Oozz.com,1
257,"Whittier, Cynthea","Whittier, Pansy",Pansy.Whittier@Vitz.com,1
258,"Reynard, Templeton","Reynard, Orelie",Orelie.Reynard@Meezzy.com,1
259,"Sarre, Baron","Sarre, Bink",Bink.Sarre@Skaboo.com,1
260,"Adds, Rex","Adds, Hetti",Hetti.Adds@Quimm.com,1
261,"Pollie, Oberon","Pollie, Alejoa",Alejoa.Pollie@Edgetag.com,4
262,"Messitt, Dorita","Messitt, Early",Early.Messitt@Bluejam.com,1
263,"Kitlee, Floria","Kitlee, Cornell",Cornell.Kitlee@Ntags.com,4
264,"Bartles, James","Bartles, Della",Della.Bartles@Quaxo.com,4
265,"Yashaev, Jay","Yashaev, Salvador",Salvador.Yashaev@Devpoint.com,3
266,"Sanderson, Leshia","Sanderson, Tobin",Tobin.Sanderson@Mycat.com,2
267,"Glanz, Tiffy","Glanz, Kirbie",Kirbie.Glanz@Photofeed.com,1
268,"Dod, Kizzie","Dod, Isabelita",Isabelita.Dod@Izio.com,1
269,"Lethardy, Madlen","Lethardy, Reilly",Reilly.Lethardy@Tambee.com,2
270,"Brende, Estella","Brende, Frankie",Frankie.Brende@Wordware.com,2
271,"Barstock, Grover","Barstock, Lucie",Lucie.Barstock@Skyba.com,3
272,"Marquiss, Amalee","Marquiss, Jecho",Jecho.Marquiss@Youbridge.com,4
273,"Blyth, Megan","Blyth, Marcus",Marcus.Blyth@Shuffledrive.com,4
274,"Fibbit, Willette","Fibbit, Miguela",Miguela.Fibbit@Fanoodle.com,2
275,"Dymond, Calida","Dymond, Cordy",Cordy.Dymond@Jaxworks.com,1
276,"Ricardin, Aharon","Ricardin, Fabiano",Fabiano.Ricardin@Photobug.com,3
277,"Petyanin, Maurits","Petyanin, Merlina",Merlina.Petyanin@Buzzster.com,2
278,"Polglaze, Ermanno","Polglaze, Karleen",Karleen.Polglaze@Jayo.com,3
279,"Borrel, Ancell","Borrel, Carin",Carin.Borrel@Oozz.com,4
280,"Latchford, Keven","Latchford, Worthington",Worthington.Latchford@Jayo.com,2
281,"Hammill, Rona","Hammill, Juline",Juline.Hammill@Photobug.com,4
282,"Sirett, Evita","Sirett, Wynne",Wynne.Sirett@Skilith.com,2
283,"Sarle, Lorry","Sarle, Halsy",Halsy.Sarle@Aimbo.com,1
284,"Fannon, Kate","Fannon, Beitris",Beitris.Fannon@Twimm.com,2
285,"Vale, Paulina","Vale, Franky",Franky.Vale@Edgewire.com,1
286,"Kelleway, Earl","Kelleway, Valery",Valery.Kelleway@Dabfeed.com,2
287,"Daburn, Culver","Daburn, Cybill",Cybill.Daburn@Plajo.com,2
288,"Worcester, Antonie","Worcester, Evvie",Evvie.Worcester@Flashset.com,1
289,"Cullrford, Magda","Cullrford, Ethan",Ethan.Cullrford@Agimba.com,4
290,"Diack, Jeremiah","Diack, Martino",Martino.Diack@Twinte.com,4
291,"Dibdin, Lynett","Dibdin, Dael",Dael.Dibdin@Brightbean.com,4
292,"Neenan, Trace","Neenan, Packston",Packston.Neenan@Oba.com,4
293,"Gowans, Miran","Gowans, Brinn",Brinn.Gowans@Jabbersphere.com,1
294,"Orrey, Orsa","Orrey, Harv",Harv.Orrey@Yamia.com,1
295,"Bermingham, Gillie","Bermingham, Tabbatha",Tabbatha.Bermingham@Tagtune.com,2
296,"Madgwick, Mikaela","Madgwick, Mace",Mace.Madgwick@Devcast.com,3
297,"Greenin, Maximo","Greenin, Sabine",Sabine.Greenin@Voomm.com,3
298,"Fellis, Daron","Fellis, Imojean",Imojean.Fellis@Gabvine.com,3
299,"Haselwood, Dorothea","Haselwood, Atlanta",Atlanta.Haselwood@Topiczoom.com,2
300,"Howgego, Pernell","Howgego, Birch",Birch.Howgego@Feedfish.com,2
301,"Bebbell, Jaimie","Bebbell, Elvyn",Elvyn.Bebbell@Jaloo.com,3
302,"Dohms, Rici","Dohms, Ernestus",Ernestus.Dohms@Browseblab.com,3
303,"Braffington, Oralla","Braffington, Orv",Orv.Braffington@Ntags.com,4
304,"Whiteley, Elisa","Whiteley, Hermann",Hermann.Whiteley@Kazio.com,1
305,"Kynson, Emalia","Kynson, Mal",Mal.Kynson@Agimba.com,1
306,"Standbrook, Kakalina","Standbrook, Wright",Wright.Standbrook@Yabox.com,4
307,"Dionis, Billy","Dionis, Haily",Haily.Dionis@Youspan.com,2
308,"Fishbourn, Kit","Fishbourn, Raeann",Raeann.Fishbourn@Gabtune.com,2
309,"Romain, Sayer","Romain, Archibold",Archibold.Romain@Jaxworks.com,2
310,"Dymott, Welby","Dymott, Danika",Danika.Dymott@Linktype.com,4
311,"Brozsset, Darci","Brozsset, Shay",Shay.Brozsset@Jayo.com,3
312,"Pierro, Emelyne","Pierro, Gunar",Gunar.Pierro@Flashdog.com,4
313,"Ninotti, Afton","Ninotti, Cathrine",Cathrine.Ninotti@Zooxo.com,2
314,"Duinbleton, Sofie","Duinbleton, Evelin",Evelin.Duinbleton@Zoomlounge.com,1
315,"Brittles, Franciskus","Brittles, Catarina",Catarina.Brittles@Yakitri.com,3
316,"Glandon, Darline","Glandon, Jany",Jany.Glandon@Topicblab.com,2
317,"Beringer, Adara","Beringer, Edan",Edan.Beringer@Eazzy.com,4
318,"Kennard, Maddie","Kennard, Sheba",Sheba.Kennard@Tagchat.com,1
319,"Rangall, Bobbe","Rangall, Rafaelita",Rafaelita.Rangall@Trunyx.com,1
320,"Darnborough, Osgood","Darnborough, Fiann",Fiann.Darnborough@Flipopia.com,3
321,"Shackle, Cory","Shackle, Camile",Camile.Shackle@Thoughtblab.com,4
322,"Bulluck, Denna","Bulluck, Brittney",Brittney.Bulluck@Photobean.com,4
323,"Slora, Jocelin","Slora, Starr",Starr.Slora@Yodel.com,3
324,"Cockman, Woodman","Cockman, Ninon",Ninon.Cockman@Twitterworks.com,3
325,"Jime, Wain","Jime, Cherida",Cherida.Jime@InnoZ.com,4
326,"Bradmore, Twila","Bradmore, Palmer",Palmer.Bradmore@Meeveo.com,1
327,"Lemery, Marcus","Lemery, Sybilla",Sybilla.Lemery@Skidoo.com,3
328,"Whayman, Alia","Whayman, Ronna",Ronna.Whayman@Realbridge.com,1
329,"Shipcott, Maximilien","Shipcott, Marillin",Marillin.Shipcott@JumpXS.com,1
330,"Exroll, Robina","Exroll, Jordain",Jordain.Exroll@Tagchat.com,1
331,"De Ferraris, Walt","De Ferraris, Phylys",Phylys.De Ferraris@Zoombeat.com,4
332,"Stiff, Alf","Stiff, Lyn",Lyn.Stiff@Mita.com,1
333,"Yateman, Vernon","Yateman, Rollin",Rollin.Yateman@Zoombox.com,4
334,"Kearton, Von","Kearton, Lyman",Lyman.Kearton@Devpoint.com,1
335,"Hunnam, Dacie","Hunnam, Jose",Jose.Hunnam@Rhynyx.com,2
336,"Lepere, Silvie","Lepere, Fair",Fair.Lepere@Brainsphere.com,4
337,"Trudgion, Thorpe","Trudgion, Tedman",Tedman.Trudgion@Oyope.com,1
338,"Hyrons, Lucais","Hyrons, Konstanze",Konstanze.Hyrons@Gabtune.com,2
339,"Hoyer, Matthieu","Hoyer, Herman",Herman.Hoyer@Zoomcast.com,3
340,"Djorvic, Reine","Djorvic, Iolanthe",Iolanthe.Djorvic@Leenti.com,2
341,"Farquhar, Saree","Farquhar, Far",Far.Farquhar@Muxo.com,3
342,"Tawse, Sallyann","Tawse, Kimberli",Kimberli.Tawse@Buzzshare.com,2
343,"Stonham, Victor","Stonham, Leticia",Leticia.Stonham@Buzzshare.com,3
344,"Thumnel, Corella","Thumnel, Ole",Ole.Thumnel@Katz.com,1
345,"Philipard, Andy","Philipard, Hershel",Hershel.Philipard@Muxo.com,1
346,"Bande, Idette","Bande, Freddy",Freddy.Bande@Kaymbo.com,2
347,"Wheldon, Allyn","Wheldon, Donny",Donny.Wheldon@Pixope.com,1
348,"Rontree, Leslie","Rontree, Licha",Licha.Rontree@Edgepulse.com,3
349,"Bortolomei, Bibbie","Bortolomei, Ward",Ward.Bortolomei@Gabspot.com,3
350,"Cleave, Bartolemo","Cleave, Maxwell",Maxwell.Cleave@Dabjam.com,3
351,"Leirmonth, Korry","Leirmonth, Corry",Corry.Leirmonth@Skimia.com,4
352,"Bonicelli, Aridatha","Bonicelli, Sydelle",Sydelle.Bonicelli@Flashset.com,4
353,"Grinley, Twila","Grinley, Jaime",Jaime.Grinley@Mycat.com,2
354,"Pennyman, Lettie","Pennyman, Calli",Calli.Pennyman@Lazzy.com,4
355,"MacIlhargy, Blake","MacIlhargy, Dot",Dot.MacIlhargy@Chatterpoint.com,2
356,"McCloy, Daniele","McCloy, Teri",Teri.McCloy@Babbleset.com,3
357,"Weinmann, Felizio","Weinmann, Catlaina",Catlaina.Weinmann@Eadel.com,4
358,"Tettley, Ilsa","Tettley, Ginger",Ginger.Tettley@Skidoo.com,2
359,"Meriton, Ardyce","Meriton, Benni",Benni.Meriton@Jetwire.com,4
360,"Scard, Shandee","Scard, Josephina",Josephina.Scard@Devcast.com,1
361,"Hegden, Cristionna","Hegden, Padraic",Padraic.Hegden@Ainyx.com,1
362,"Dumsday, Mignonne","Dumsday, Mathilde",Mathilde.Dumsday@Eamia.com,1
363,"Behneke, Raynell","Behneke, Molli",Molli.Behneke@Photojam.com,1
364,"Gawthorpe, Adina","Gawthorpe, Curtis",Curtis.Gawthorpe@Minyx.com,3
365,"De Andreis, Sheff","De Andreis, Alick",Alick.De Andreis@Skinder.com,2
366,"Canepe, Mab","Canepe, Tracy",Tracy.Canepe@Dynava.com,4
367,"Petrillo, Dynah","Petrillo, Nester",Nester.Petrillo@Yozio.com,3
368,"Crumpe, Leroi","Crumpe, Rosene",Rosene.Crumpe@Mudo.com,4
369,"Gierardi, Lynnett","Gierardi, Britt",Britt.Gierardi@Skinder.com,2
370,"Scoggans, Winny","Scoggans, Sheri",Sheri.Scoggans@Tambee.com,4
371,"Palluschek, Shirlene","Palluschek, Drew",Drew.Palluschek@Zazio.com,4
372,"Symington, Zarah","Symington, Kelby",Kelby.Symington@Voomm.com,4
373,"Westoff, Bernete","Westoff, Marge",Marge.Westoff@Eidel.com,1
374,"Daniell, Marlowe","Daniell, Rosette",Rosette.Daniell@Youopia.com,2
375,"Stanett, Berkly","Stanett, Micaela",Micaela.Stanett@Photofeed.com,1
376,"Peat, Dominga","Peat, Saunders",Saunders.Peat@Chatterbridge.com,2
377,"Vaudre, Karlotte","Vaudre, Erinna",Erinna.Vaudre@Realcube.com,4
378,"Ashbridge, Carmelina","Ashbridge, Norrie",Norrie.Ashbridge@Photobug.com,3
379,"Barmby, Ricardo","Barmby, Alric",Alric.Barmby@Buzzster.com,1
380,"Lindsell, Alyson","Lindsell, Jason",Jason.Lindsell@Meezzy.com,4
381,"McPherson, Valentine","McPherson, Randall",Randall.McPherson@Mydo.com,4
382,"Bliven, Analiese","Bliven, Waite",Waite.Bliven@Tagpad.com,2
383,"Matczak, Nathanial","Matczak, Annabela",Annabela.Matczak@Ailane.com,3
384,"Alyukin, Lanny","Alyukin, Georgena",Georgena.Alyukin@Vimbo.com,3
385,"Barnaby, Emmott","Barnaby, Arlan",Arlan.Barnaby@Zoomlounge.com,1
386,"Skarman, Trudey","Skarman, Joyan",Joyan.Skarman@Trilia.com,2
387,"Skillicorn, Daloris","Skillicorn, Link",Link.Skillicorn@Demivee.com,2
388,"Eagland, Ranna","Eagland, Brigida",Brigida.Eagland@Oyonder.com,3
389,"McGairl, Amitie","McGairl, Corey",Corey.McGairl@Demimbu.com,1
390,"Dickon, Karissa","Dickon, Halsey",Halsey.Dickon@Shuffletag.com,3
391,"Hexum, Laural","Hexum, Oren",Oren.Hexum@Jazzy.com,3
392,"Franckton, Quinlan","Franckton, Freddy",Freddy.Franckton@Quimm.com,1
393,"Semerad, Anissa","Semerad, Marguerite",Marguerite.Semerad@Browsecat.com,3
394,"Ashlee, Aland","Ashlee, Gus",Gus.Ashlee@Voolith.com,4
395,"Asch, Chickie","Asch, Flo",Flo.Asch@Mita.com,3
396,"Haberjam, Linda","Haberjam, Cesya",Cesya.Haberjam@Thoughtworks.com,4
397,"Falco, Ad","Falco, Meryl",Meryl.Falco@Leexo.com,3
398,"Reihill, Care","Reihill, Maddy",Maddy.Reihill@Kanoodle.com,3
399,"Bayston, Odelia","Bayston, Jarad",Jarad.Bayston@Lajo.com,4
400,"Nekrews, Tedi","Nekrews, Galvin",Galvin.Nekrews@Edgeify.com,3
401,"Rowan, Adore","Rowan, Lorilee",Lorilee.Rowan@Blogtag.com,4
402,"Blencowe, Thorn","Blencowe, Lavinie",Lavinie.Blencowe@Kayveo.com,2
403,"Duetsche, Prudy","Duetsche, Durward",Durward.Duetsche@Thoughtsphere.com,1
404,"Shearmer, Ariana","Shearmer, Irma",Irma.Shearmer@Roodel.com,1
405,"Gash, Karoline","Gash, Frazer",Frazer.Gash@Bubblebox.com,4
406,"Sings, Liam","Sings, Wallis",Wallis.Sings@Innotype.com,3
407,"Huckleby, Denise","Huckleby, Emmi",Emmi.Huckleby@Skiba.com,3
408,"Welband, Truda","Welband, Shea",Shea.Welband@Roomm.com,2
409,"Dragonette, Kelcey","Dragonette, Estrella",Estrella.Dragonette@Bubblebox.com,4
410,"Hachard, Bridgette","Hachard, Caitrin",Caitrin.Hachard@Vitz.com,4
411,"Brobeck, Joy","Brobeck, Fredelia",Fredelia.Brobeck@Twinte.com,3
412,"Yuille, Kimbra","Yuille, Shurlocke",Shurlocke.Yuille@Brightbean.com,3
413,"Dunckley, Harold","Dunckley, Bartel",Bartel.Dunckley@Tagopia.com,2
414,"Edgar, Tabbie","Edgar, Amye",Amye.Edgar@Dabtype.com,4
415,"Capinetti, Nataniel","Capinetti, Esme",Esme.Capinetti@Feedfire.com,4
416,"Lindro, Aldus","Lindro, Foster",Foster.Lindro@Babbleopia.com,4
417,"Bottle, Shaylah","Bottle, Lacy",Lacy.Bottle@Youspan.com,2
418,"Maxweell, Pammie","Maxweell, Analiese",Analiese.Maxweell@Browsedrive.com,2
419,"Ebourne, Ericka","Ebourne, Cindee",Cindee.Ebourne@Yadel.com,4
420,"Macci, Trstram","Macci, Fabien",Fabien.Macci@Photospace.com,3
421,"Jonk, Malory","Jonk, Irina",Irina.Jonk@Dabtype.com,4
422,"Reubens, Jammal","Reubens, Wesley",Wesley.Reubens@Gabtype.com,4
423,"Wither, Ramsay","Wither, Meredith",Meredith.Wither@Geba.com,4
424,"Dies, Yoshiko","Dies, Roseanne",Roseanne.Dies@Flashset.com,3
425,"Rawes, Nicky","Rawes, Sibylla",Sibylla.Rawes@Jatri.com,4
426,"Upson, Bourke","Upson, Nathanael",Nathanael.Upson@Skyba.com,4
427,"Barkaway, Bernetta","Barkaway, Karlotta",Karlotta.Barkaway@Vitz.com,3
428,"Marthen, Cynthie","Marthen, Tracy",Tracy.Marthen@Aimbo.com,2
429,"Meakin, Patricio","Meakin, Ashley",Ashley.Meakin@Oozz.com,3
430,"World, Ivonne","World, Kit",Kit.World@Skiba.com,4
431,"McJury, Joey","McJury, Sibeal",Sibeal.McJury@Skyble.com,4
432,"Alabone, Tammie","Alabone, Alasdair",Alasdair.Alabone@Trunyx.com,2
433,"Laba, Emmie","Laba, Sterne",Sterne.Laba@Skidoo.com,3
434,"Upwood, Blinny","Upwood, Kirby",Kirby.Upwood@Eidel.com,3
435,"Budd, Carmine","Budd, Cobbie",Cobbie.Budd@Wikizz.com,4
436,"Capron, Walker","Capron, Judi",Judi.Capron@Devpulse.com,1
437,"Tomaszewicz, Hollyanne","Tomaszewicz, Enrica",Enrica.Tomaszewicz@Kazu.com,2
438,"Kordova, Johna","Kordova, Alleen",Alleen.Kordova@Voomm.com,3
439,"Craze, Brit","Craze, Maria",Maria.Craze@Jayo.com,3
440,"Swaysland, Babs","Swaysland, Myrta",Myrta.Swaysland@Oyoyo.com,3
441,"Proppers, Ronica","Proppers, Drugi",Drugi.Proppers@Centimia.com,1
442,"Corsor, Sasha","Corsor, Jasmin",Jasmin.Corsor@Dabtype.com,3
443,"Husset, Grethel","Husset, Rudolf",Rudolf.Husset@Fanoodle.com,1
444,"Ucceli, Lotta","Ucceli, Reeba",Reeba.Ucceli@Oyoyo.com,1
445,"Bonehill, Gerrie","Bonehill, Leandra",Leandra.Bonehill@Twitterlist.com,3
446,"Ezzle, Buckie","Ezzle, Minette",Minette.Ezzle@Kanoodle.com,1
447,"Columbine, Kizzie","Columbine, Rolph",Rolph.Columbine@Realblab.com,4
448,"Cobbing, Bobbie","Cobbing, Sofia",Sofia.Cobbing@Mycat.com,3
449,"Traite, Dasha","Traite, Nicola",Nicola.Traite@Linktype.com,2
450,"Dressell, Janetta","Dressell, Rob",Rob.Dressell@Blogpad.com,1
451,"Barnfield, Randall","Barnfield, Alysia",Alysia.Barnfield@Agimba.com,4
452,"Mullin, Vonni","Mullin, Van",Van.Mullin@Browsebug.com,3
453,"Watting, Reg","Watting, Jodie",Jodie.Watting@Mycat.com,4
454,"Monks, Stanley","Monks, Goober",Goober.Monks@Skyvu.com,4
455,"Oolahan, Cori","Oolahan, Darrelle",Darrelle.Oolahan@Twitterlist.com,3
456,"Cater, Killian","Cater, Daven",Daven.Cater@Dabjam.com,1
457,"Grundy, Angil","Grundy, Fernandina",Fernandina.Grundy@Bubblemix.com,4
458,"Coltan, Winston","Coltan, Joye",Joye.Coltan@Jabberstorm.com,3
459,"Killshaw, Elianora","Killshaw, Celia",Celia.Killshaw@Oloo.com,2
460,"Yakutin, Elsa","Yakutin, Antonie",Antonie.Yakutin@Jatri.com,4
461,"Maine, Melodie","Maine, Kurtis",Kurtis.Maine@Agimba.com,4
462,"Hollyman, Gena","Hollyman, Pauly",Pauly.Hollyman@Kimia.com,3
463,"Beetles, Vallie","Beetles, Gael",Gael.Beetles@Bluejam.com,1
464,"Lindenman, Jada","Lindenman, Barrett",Barrett.Lindenman@Cogidoo.com,1
465,"Augur, Consolata","Augur, Carlo",Carlo.Augur@Buzzshare.com,2
466,"Farnish, Gail","Farnish, Bax",Bax.Farnish@Zooveo.com,3
467,"Chard, Jdavie","Chard, Dina",Dina.Chard@Trunyx.com,3
468,"Drakeley, Hartwell","Drakeley, Weston",Weston.Drakeley@Wikivu.com,2
469,"Lowther, Tanitansy","Lowther, Dolf",Dolf.Lowther@Jabbercube.com,3
470,"Himsworth, Cherie","Himsworth, Fanny",Fanny.Himsworth@Skajo.com,4
471,"Weadick, Pail","Weadick, Lyle",Lyle.Weadick@Zooveo.com,1
472,"Bridgen, Ivy","Bridgen, Moina",Moina.Bridgen@Photojam.com,4
473,"Lowdiane, Porty","Lowdiane, Freddi",Freddi.Lowdiane@Yotz.com,1
474,"Shawel, Emylee","Shawel, Gerti",Gerti.Shawel@Leenti.com,2
475,"MacKellen, Hayward","MacKellen, Reta",Reta.MacKellen@Oyoyo.com,2
476,"Mabee, Charita","Mabee, Donaugh",Donaugh.Mabee@Fivebridge.com,3
477,"Huyghe, Lelah","Huyghe, Estel",Estel.Huyghe@Vinte.com,4
478,"Balsdon, Audre","Balsdon, Tore",Tore.Balsdon@Quimm.com,3
479,"Carillo, Melesa","Carillo, Ferdy",Ferdy.Carillo@Thoughtblab.com,3
480,"Nertney, Penny","Nertney, Flynn",Flynn.Nertney@Jayo.com,4
481,"Soppett, Devan","Soppett, Ailyn",Ailyn.Soppett@Avavee.com,1
482,"Plume, Philippe","Plume, Theresa",Theresa.Plume@Photojam.com,3
483,"Zamboniari, Hunt","Zamboniari, Gradeigh",Gradeigh.Zamboniari@Thoughtstorm.com,2
484,"O'Lunny, Ralina","O'Lunny, Carine",Carine.O'Lunny@Camimbo.com,2
485,"Doig, Marianne","Doig, Theresina",Theresina.Doig@Cogibox.com,4
486,"Loveredge, Hildegaard","Loveredge, Marysa",Marysa.Loveredge@Jaxbean.com,4
487,"Ingray, Renee","Ingray, Chicky",Chicky.Ingray@Rhycero.com,4
488,"Baddiley, Stevana","Baddiley, Riane",Riane.Baddiley@Meevee.com,1
489,"Punshon, Rafaelita","Punshon, Bernard",Bernard.Punshon@Browseblab.com,4
490,"Harnetty, Dacie","Harnetty, Leicester",Leicester.Harnetty@Edgeify.com,4
491,"Linch, Davidde","Linch, Michal",Michal.Linch@Oyoloo.com,1
492,"Parham, Helsa","Parham, Emyle",Emyle.Parham@Tambee.com,2
493,"Pickervance, Gustave","Pickervance, Cordey",Cordey.Pickervance@Realbridge.com,3
494,"Quilleash, Stearn","Quilleash, Sancho",Sancho.Quilleash@Meevee.com,4
495,"Pakes, Bernhard","Pakes, Eula",Eula.Pakes@Thoughtstorm.com,3
496,"Nudde, Zebadiah","Nudde, Linnet",Linnet.Nudde@Tagchat.com,4
497,"Bickell, Edgardo","Bickell, Elyse",Elyse.Bickell@Oozz.com,2
498,"Biddiss, Alane","Biddiss, Isadora",Isadora.Biddiss@Dynabox.com,4
499,"Hinckesman, Marylynne","Hinckesman, Garvy",Garvy.Hinckesman@Shuffledrive.com,1
500,"Hann, Leslie","Hann, Quinn",Quinn.Hann@Meembee.com,3
501,"Degue, Johna","Degue, Ellis",Ellis.Degue@Oodoo.com,4
502,"Paladino, Leupold","Paladino, Kristi",Kristi.Paladino@Skaboo.com,2
503,"Purrier, Adham","Purrier, Ody",Ody.Purrier@Wordware.com,4
504,"Trippitt, Adlai","Trippitt, Genevra",Genevra.Trippitt@Brightdog.com,3
505,"Paolazzi, Anthony","Paolazzi, Shea",Shea.Paolazzi@Brainverse.com,2
506,"Daysh, Muhammad","Daysh, Son",Son.Daysh@Oyoba.com,1
507,"Dudson, Reyna","Dudson, Matthew",Matthew.Dudson@Jetwire.com,1
508,"Elsay, Olivia","Elsay, Lazare",Lazare.Elsay@Twitterbeat.com,2
509,"Greensitt, Rica","Greensitt, Terrel",Terrel.Greensitt@Gigazoom.com,3
510,"Wattam, Puff","Wattam, Valida",Valida.Wattam@Quinu.com,3
511,"Biasetti, Claudina","Biasetti, Ange",Ange.Biasetti@Twitterbeat.com,2
512,"Sibary, Terrance","Sibary, Vincenz",Vincenz.Sibary@Shuffledrive.com,1
513,"Skey, Celinka","Skey, Bobby",Bobby.Skey@Thoughtblab.com,1
514,"Bartlett, Dew","Bartlett, Cynthie",Cynthie.Bartlett@Fanoodle.com,1
515,"Dallison, Gaye","Dallison, Desiree",Desiree.Dallison@Cogidoo.com,1
516,"Lillow, Terry","Lillow, Jonis",Jonis.Lillow@Oloo.com,3
517,"Vice, Shel","Vice, Andrej",Andrej.Vice@Podcat.com,1
518,"Greet, Drucy","Greet, Richy",Richy.Greet@Zoomlounge.com,4
519,"Sessuns, Ingelbert","Sessuns, Luca",Luca.Sessuns@Trilith.com,3
520,"Lillee, Zak","Lillee, Giavani",Giavani.Lillee@Browsezoom.com,3
521,"Davidow, Mirilla","Davidow, Woodrow",Woodrow.Davidow@Eayo.com,1
522,"Crauford, Buiron","Crauford, Cozmo",Cozmo.Crauford@Voolith.com,4
523,"Oke, Gizela","Oke, Bethanne",Bethanne.Oke@Quinu.com,1
524,"Glowacz, Candace","Glowacz, Emera",Emera.Glowacz@Meevee.com,1
525,"Center, Rockey","Center, Serge",Serge.Center@Yoveo.com,2
526,"Bessey, Lannie","Bessey, Gwenny",Gwenny.Bessey@Browsecat.com,4
527,"Edling, Blanche","Edling, Dore",Dore.Edling@Yozio.com,3
528,"Crimpe, Yevette","Crimpe, Sophronia",Sophronia.Crimpe@Dazzlesphere.com,1
529,"Brody, Kimmy","Brody, Nikolaus",Nikolaus.Brody@Meembee.com,4
530,"Gosby, Burnaby","Gosby, Thebault",Thebault.Gosby@Wikizz.com,2
531,"Swainston, Bearnard","Swainston, Bellanca",Bellanca.Swainston@Photolist.com,3
532,"Torrans, Chrissie","Torrans, Bennie",Bennie.Torrans@Youspan.com,2
533,"Bailey, Marc","Bailey, Rosanna",Rosanna.Bailey@Voomm.com,1
534,"Pudner, Merl","Pudner, Charlot",Charlot.Pudner@Tambee.com,1
535,"Noddings, Ivar","Noddings, Dex",Dex.Noddings@Oyoba.com,3
536,"Dewicke, Maryjo","Dewicke, Henrieta",Henrieta.Dewicke@Youspan.com,4
537,"Lambrecht, Kippar","Lambrecht, Catlee",Catlee.Lambrecht@Latz.com,4
538,"Selwyne, Donielle","Selwyne, Benjie",Benjie.Selwyne@Livepath.com,1
539,"Escreet, Kerstin","Escreet, Ailyn",Ailyn.Escreet@Innotype.com,2
540,"Woolnough, Theresina","Woolnough, Darrelle",Darrelle.Woolnough@Bluejam.com,1
541,"Antuk, Marie","Antuk, Arlyn",Arlyn.Antuk@Zoomlounge.com,1
542,"Borrows, Dolorita","Borrows, Abraham",Abraham.Borrows@Blogtags.com,4
543,"Seivertsen, Cass","Seivertsen, Benoite",Benoite.Seivertsen@Livefish.com,1
544,"Goncalo, Trumaine","Goncalo, Merill",Merill.Goncalo@Dazzlesphere.com,4
545,"Mersh, Frank","Mersh, Adrianna",Adrianna.Mersh@Jetpulse.com,1
546,"Treend, Magdalene","Treend, Ninette",Ninette.Treend@Rhybox.com,4
547,"Arnaez, Blanca","Arnaez, Emilie",Emilie.Arnaez@Meemm.com,1
548,"Saben, Shirline","Saben, Cristionna",Cristionna.Saben@Twimm.com,4
549,"Fernie, Grace","Fernie, Zorah",Zorah.Fernie@Topiczoom.com,2
550,"Ryam, Theda","Ryam, Hailey",Hailey.Ryam@Lazzy.com,3
551,"Sebyer, Ginny","Sebyer, Pierre",Pierre.Sebyer@Zooveo.com,1
552,"Worsall, Jesse","Worsall, Sena",Sena.Worsall@Edgeclub.com,1
553,"Ferrarotti, Sammy","Ferrarotti, My",My.Ferrarotti@Voolia.com,3
554,"Ianittello, Alta","Ianittello, Lavinia",Lavinia.Ianittello@DabZ.com,3
555,"Sleit, Joye","Sleit, Danni",Danni.Sleit@Camimbo.com,3
556,"Cullity, Hanny","Cullity, Kristopher",Kristopher.Cullity@Yata.com,1
557,"Brandi, Fair","Brandi, Luise",Luise.Brandi@Avamm.com,4
558,"Crowest, Derry","Crowest, Ludvig",Ludvig.Crowest@Flashdog.com,1
559,"Tukesby, Sasha","Tukesby, Randi",Randi.Tukesby@Yotz.com,3
560,"De Blasio, Jeffry","De Blasio, Mohammed",Mohammed.De Blasio@Youspan.com,4
561,"Blurton, Mildrid","Blurton, Inesita",Inesita.Blurton@Zoomlounge.com,3
562,"Staker, Benedetto","Staker, Codee",Codee.Staker@Fliptune.com,3
563,"Cranch, Yalonda","Cranch, Mandie",Mandie.Cranch@Eidel.com,1
564,"Dorrity, Andeee","Dorrity, Maryrose",Maryrose.Dorrity@Avamm.com,1
565,"Cosslett, Aron","Cosslett, Nollie",Nollie.Cosslett@Fliptune.com,3
566,"Ivanchikov, Agretha","Ivanchikov, Coralie",Coralie.Ivanchikov@Thoughtstorm.com,4
567,"Tondeur, Desirae","Tondeur, Odille",Odille.Tondeur@Wordtune.com,2
568,"Moorton, De witt","Moorton, Dewie",Dewie.Moorton@Riffpath.com,2
569,"Ehlerding, Etti","Ehlerding, Nicholle",Nicholle.Ehlerding@Yata.com,3
570,"Rhead, Stavros","Rhead, Mano",Mano.Rhead@Abatz.com,1
571,"Took, Ansley","Took, Louisette",Louisette.Took@Flipbug.com,1
572,"Janjic, Langston","Janjic, Shea",Shea.Janjic@Thoughtworks.com,2
573,"Jinkins, Yasmin","Jinkins, Aloin",Aloin.Jinkins@Photofeed.com,4
574,"Lassells, Corry","Lassells, Gwyn",Gwyn.Lassells@Shufflester.com,4
575,"Shieldon, Kareem","Shieldon, Arleen",Arleen.Shieldon@Browsecat.com,4
576,"Troyes, Blair","Troyes, Farrell",Farrell.Troyes@Eayo.com,2
577,"Briscam, Ivy","Briscam, Clemmy",Clemmy.Briscam@Oyondu.com,2
578,"Keyte, Billie","Keyte, Ed",Ed.Keyte@Mycat.com,3
579,"Lissimore, Rhodie","Lissimore, Costa",Costa.Lissimore@Eidel.com,4
580,"Clausen-Thue, Jeannie","Clausen-Thue, Lowell",Lowell.Clausen-Thue@Innotype.com,3
581,"Stivey, Lonnard","Stivey, Obie",Obie.Stivey@Trupe.com,2
582,"Batcock, Jany","Batcock, Germain",Germain.Batcock@Zoomdog.com,3
583,"Aslett, Demetris","Aslett, Gladi",Gladi.Aslett@Yakitri.com,3
584,"Elcombe, Tammy","Elcombe, Michelina",Michelina.Elcombe@Tagtune.com,3
585,"O'Gaven, Eddy","O'Gaven, Hector",Hector.O'Gaven@Bubblemix.com,3
586,"Martine, Stacee","Martine, Janetta",Janetta.Martine@Rhybox.com,2
587,"Aughtie, Vivyanne","Aughtie, Husein",Husein.Aughtie@Photolist.com,3
588,"Tollfree, Flinn","Tollfree, Barbaraanne",Barbaraanne.Tollfree@Twinder.com,3
589,"Verna, Indira","Verna, Moshe",Moshe.Verna@Skimia.com,4
590,"Hannam, Maximilianus","Hannam, Matthaeus",Matthaeus.Hannam@Einti.com,3
591,"Pioch, Galvan","Pioch, Malena",Malena.Pioch@Kwilith.com,2
592,"Sentance, Margi","Sentance, Fancy",Fancy.Sentance@Devbug.com,1
593,"Thornebarrow, Ches","Thornebarrow, Moritz",Moritz.Thornebarrow@Oodoo.com,2
594,"Myott, Evelin","Myott, Staci",Staci.Myott@Brainverse.com,1
595,"Piegrome, Emmalyn","Piegrome, Sande",Sande.Piegrome@Ntag.com,1
596,"Wallman, Lindy","Wallman, Jourdain",Jourdain.Wallman@Ooba.com,3
597,"Feavers, Kori","Feavers, Pinchas",Pinchas.Feavers@Devpoint.com,4
598,"Dowdell, Gussy","Dowdell, Danella",Danella.Dowdell@Gabspot.com,2
599,"Tutsell, Merci","Tutsell, Whit",Whit.Tutsell@Kamba.com,1
600,"Sherer, Kameko","Sherer, Hill",Hill.Sherer@Livetube.com,4
601,"Barwis, Amye","Barwis, Drucill",Drucill.Barwis@Fivespan.com,4
602,"McRamsey, Louisa","McRamsey, Ingamar",Ingamar.McRamsey@Agivu.com,1
603,"Peggram, Aveline","Peggram, Miles",Miles.Peggram@Twitterwire.com,1
604,"MacDonagh, Valerie","MacDonagh, Blanche",Blanche.MacDonagh@Camido.com,2
605,"Paolicchi, Ileana","Paolicchi, Silas",Silas.Paolicchi@Kamba.com,4
606,"McDonnell, Warden","McDonnell, Ronnie",Ronnie.McDonnell@Topicblab.com,2
607,"Hargrove, Cristi","Hargrove, Johannah",Johannah.Hargrove@Mymm.com,4
608,"Fullwood, Warde","Fullwood, Tabina",Tabina.Fullwood@Photobean.com,4
609,"Parman, Tristan","Parman, Emylee",Emylee.Parman@Dabjam.com,3
610,"Turfin, Patience","Turfin, Phillip",Phillip.Turfin@Meetz.com,4
611,"Bradburn, Melva","Bradburn, Eva",Eva.Bradburn@Browsezoom.com,2
612,"Kingaby, Robinett","Kingaby, Emmy",Emmy.Kingaby@Browseblab.com,1
613,"Portch, Jennee","Portch, Marcelline",Marcelline.Portch@Jabbersphere.com,4
614,"Murrison, Tomi","Murrison, Roderich",Roderich.Murrison@Twitterbeat.com,1
615,"Phillps, Freddi","Phillps, Ralina",Ralina.Phillps@Eidel.com,4
616,"Rawne, Hagan","Rawne, Melodie",Melodie.Rawne@Skimia.com,1
617,"Peart, Frieda","Peart, Ingeborg",Ingeborg.Peart@Kwimbee.com,4
618,"Crean, Lucien","Crean, Yance",Yance.Crean@Chatterbridge.com,2
619,"Vezey, Gilemette","Vezey, Merissa",Merissa.Vezey@JumpXS.com,3
620,"Amburgy, Janith","Amburgy, Rozanne",Rozanne.Amburgy@Agivu.com,3
621,"Oleksinski, Cross","Oleksinski, Cirstoforo",Cirstoforo.Oleksinski@Skyble.com,1
622,"Davage, Krystle","Davage, Francklin",Francklin.Davage@Thoughtstorm.com,4
623,"Oulet, Doria","Oulet, Sigfrid",Sigfrid.Oulet@Yata.com,2
624,"Cleave, Normie","Cleave, Darcy",Darcy.Cleave@Lajo.com,1
625,"Tomet, Waly","Tomet, Augustine",Augustine.Tomet@Gabtune.com,2
626,"Gores, Wadsworth","Gores, Neille",Neille.Gores@Mybuzz.com,4
627,"Liebermann, Kyrstin","Liebermann, Terence",Terence.Liebermann@Voomm.com,4
628,"Baudin, Deni","Baudin, Merci",Merci.Baudin@Skippad.com,4
629,"Kubicki, Ceciley","Kubicki, Harlen",Harlen.Kubicki@Topiclounge.com,1
630,"Siley, Jordanna","Siley, Kerr",Kerr.Siley@Voolia.com,3
631,"Whiteley, Bobbette","Whiteley, Clayson",Clayson.Whiteley@Skyba.com,3
632,"Addekin, Peyton","Addekin, Carine",Carine.Addekin@Yoveo.com,3
633,"Barajaz, Lief","Barajaz, See",See.Barajaz@Agivu.com,4
634,"Tawn, Esmaria","Tawn, Joya",Joya.Tawn@Kayveo.com,3
635,"Guiso, Suzanne","Guiso, Una",Una.Guiso@Kare.com,3
636,"Lavelle, Korella","Lavelle, Hollis",Hollis.Lavelle@Fivebridge.com,3
637,"Heminsley, Harold","Heminsley, Moss",Moss.Heminsley@Dabjam.com,3
638,"Vaneev, Minnaminnie","Vaneev, Barn",Barn.Vaneev@Demivee.com,2
639,"Elvy, Amitie","Elvy, Marcelle",Marcelle.Elvy@Vinte.com,2
640,"Madill, Markus","Madill, Raeann",Raeann.Madill@Flipbug.com,2
641,"Phear, Carmon","Phear, Anjanette",Anjanette.Phear@Bubblebox.com,3
642,"Eldered, Freddie","Eldered, Carolan",Carolan.Eldered@Meejo.com,1
643,"Payton, Vallie","Payton, Zsazsa",Zsazsa.Payton@Tagpad.com,3
644,"Shelp, Rafaello","Shelp, Florencia",Florencia.Shelp@Skinder.com,1
645,"Dupree, Elana","Dupree, Sher",Sher.Dupree@Podcat.com,4
646,"Reder, Davita","Reder, Lelah",Lelah.Reder@Trunyx.com,3
647,"Anstie, Zedekiah","Anstie, Zedekiah",Zedekiah.Anstie@Divanoodle.com,4
648,"Margaritelli, Cassie","Margaritelli, Hube",Hube.Margaritelli@Zoozzy.com,4
649,"Blacklock, Sinclair","Blacklock, Annie",Annie.Blacklock@Tagopia.com,1
650,"Nise, Farrell","Nise, Karel",Karel.Nise@Quaxo.com,3
651,"Richings, Georgena","Richings, Jacob",Jacob.Richings@Trudoo.com,1
652,"Buie, Kahlil","Buie, Waneta",Waneta.Buie@Shuffletag.com,3
653,"Beckenham, Drusi","Beckenham, Adriana",Adriana.Beckenham@Kimia.com,4
654,"Andresen, Bogey","Andresen, Alec",Alec.Andresen@Babbleopia.com,4
655,"Dreossi, Jobi","Dreossi, Rowland",Rowland.Dreossi@Rooxo.com,1
656,"Holston, Isacco","Holston, Shaylah",Shaylah.Holston@Rhynoodle.com,4
657,"Somerbell, Andris","Somerbell, Madelyn",Madelyn.Somerbell@Oyope.com,1
658,"Kelshaw, Casey","Kelshaw, Lacee",Lacee.Kelshaw@Meedoo.com,1
659,"Lorryman, Dru","Lorryman, Lucho",Lucho.Lorryman@Avamba.com,4
660,"Duigan, Gothart","Duigan, Tanner",Tanner.Duigan@Oodoo.com,2
661,"Aggas, Jarred","Aggas, Imogene",Imogene.Aggas@Buzzshare.com,2
662,"Matyja, Emili","Matyja, Zared",Zared.Matyja@Meevee.com,3
663,"Jilkes, Sherilyn","Jilkes, Hettie",Hettie.Jilkes@Fiveclub.com,4
664,"Scoyne, Jacklin","Scoyne, Florrie",Florrie.Scoyne@Feedspan.com,1
665,"Bannell, Kip","Bannell, Phoebe",Phoebe.Bannell@Agivu.com,3
666,"Pavitt, Miles","Pavitt, Rudiger",Rudiger.Pavitt@Eidel.com,1
667,"Abbot, Hedvig","Abbot, Waneta",Waneta.Abbot@Edgepulse.com,2
668,"Fibbens, Melisa","Fibbens, Earlie",Earlie.Fibbens@Meejo.com,1
669,"Ebbrell, Jecho","Ebbrell, Indira",Indira.Ebbrell@Devpulse.com,1
670,"Traves, Barris","Traves, Ernesta",Ernesta.Traves@Meejo.com,2
671,"Kencott, Norrie","Kencott, Adler",Adler.Kencott@Zava.com,4
672,"Gummow, Randell","Gummow, Diane-marie",Diane-marie.Gummow@Yombu.com,3
673,"Scrivener, Robby","Scrivener, Nealon",Nealon.Scrivener@Avamm.com,1
674,"Blanchard, Gonzales","Blanchard, Winfield",Winfield.Blanchard@Browsezoom.com,3
675,"Gath, Marcela","Gath, Zoe",Zoe.Gath@Devcast.com,4
676,"Laytham, Meryl","Laytham, Major",Major.Laytham@Yodel.com,3
677,"Gelderd, Jacinda","Gelderd, Celeste",Celeste.Gelderd@Shufflebeat.com,1
678,"Fortie, Ilyssa","Fortie, Ervin",Ervin.Fortie@Jaxbean.com,1
679,"Casini, Pascale","Casini, Aurlie",Aurlie.Casini@Riffwire.com,3
680,"Maulden, Katlin","Maulden, Whitman",Whitman.Maulden@Tambee.com,3
681,"Caughey, Perkin","Caughey, Heidie",Heidie.Caughey@Mymm.com,3
682,"Banton, Leopold","Banton, Mercedes",Mercedes.Banton@Skynoodle.com,4
683,"Cumberpatch, Brittaney","Cumberpatch, Melicent",Melicent.Cumberpatch@Quimm.com,3
684,"Lidierth, Glynda","Lidierth, Jannelle",Jannelle.Lidierth@Skyvu.com,1
685,"Gallon, Lukas","Gallon, Pammy",Pammy.Gallon@Youfeed.com,4
686,"Bedminster, Massimo","Bedminster, Debee",Debee.Bedminster@Abatz.com,2
687,"Betonia, Franciska","Betonia, Nathalia",Nathalia.Betonia@Fadeo.com,4
688,"Ducastel, Kathrine","Ducastel, Jsandye",Jsandye.Ducastel@Skinte.com,4
689,"Mannakee, Jaymee","Mannakee, Sylvan",Sylvan.Mannakee@Centimia.com,3
690,"Riccardini, Cam","Riccardini, Josie",Josie.Riccardini@Tagopia.com,1
691,"Cossor, Jamima","Cossor, Sonnie",Sonnie.Cossor@Topicware.com,2
692,"Braybrook, Red","Braybrook, Roxi",Roxi.Braybrook@Riffpedia.com,4
693,"Wahlberg, Agnese","Wahlberg, Ulric",Ulric.Wahlberg@Yakijo.com,3
694,"Simmers, Erasmus","Simmers, Tamra",Tamra.Simmers@Agimba.com,1
695,"Berni, Amye","Berni, Karyn",Karyn.Berni@Realbridge.com,1
696,"Perring, Korney","Perring, Orlando",Orlando.Perring@Skyba.com,2
697,"Yepiskov, Tiphany","Yepiskov, Liane",Liane.Yepiskov@Photospace.com,1
698,"Kocher, Jeannette","Kocher, Adara",Adara.Kocher@Realpoint.com,3
699,"Tremontana, Brig","Tremontana, Gerrard",Gerrard.Tremontana@Dablist.com,2
700,"Birkenshaw, Hiram","Birkenshaw, Erick",Erick.Birkenshaw@Dabjam.com,3
701,"Gabbatiss, Louis","Gabbatiss, Laetitia",Laetitia.Gabbatiss@Dazzlesphere.com,4
702,"Gillon, Christoforo","Gillon, Jerri",Jerri.Gillon@Topicblab.com,4
703,"Daughton, Tatum","Daughton, Leena",Leena.Daughton@Quimba.com,1
704,"Wones, Amberly","Wones, Jamal",Jamal.Wones@Linkbridge.com,3
705,"Richardeau, Suzanna","Richardeau, Natty",Natty.Richardeau@Realblab.com,3
706,"Heed, Jamima","Heed, Verne",Verne.Heed@Blognation.com,4
707,"Helks, Sandy","Helks, Sonia",Sonia.Helks@Jayo.com,3
708,"Dowdell, Gabbi","Dowdell, Eloise",Eloise.Dowdell@Katz.com,3
709,"Trimmell, Faustine","Trimmell, Jacquelin",Jacquelin.Trimmell@Meejo.com,2
710,"McBoyle, Keelia","McBoyle, Beatrisa",Beatrisa.McBoyle@Twitterwire.com,1
711,"Jaffrey, Wanids","Jaffrey, Pernell",Pernell.Jaffrey@Pixonyx.com,3
712,"Donlon, Flint","Donlon, Ynes",Ynes.Donlon@Flashdog.com,1
713,"Sprules, Emile","Sprules, Merry",Merry.Sprules@Jayo.com,2
714,"Poure, Ferne","Poure, Nikita",Nikita.Poure@Jabberstorm.com,1
715,"Haycox, Antoine","Haycox, Jemimah",Jemimah.Haycox@Omba.com,1
716,"Tartt, Henka","Tartt, Hester",Hester.Tartt@Flipstorm.com,2
717,"Eastlake, Glennis","Eastlake, Cherianne",Cherianne.Eastlake@Browsezoom.com,3
718,"Denness, Norris","Denness, Staci",Staci.Denness@Aibox.com,2
719,"Keford, Michele","Keford, Gretchen",Gretchen.Keford@Skyndu.com,1
720,"Vinson, Chere","Vinson, Marcie",Marcie.Vinson@Meevee.com,3
721,"Swynfen, Natalie","Swynfen, Abbe",Abbe.Swynfen@Topicstorm.com,2
722,"Slaght, Zane","Slaght, Kyle",Kyle.Slaght@Jetwire.com,4
723,"Nobriga, Penni","Nobriga, Helen-elizabeth",Helen-elizabeth.Nobriga@Avamba.com,2
724,"Martina, Deb","Martina, Roxanne",Roxanne.Martina@Eazzy.com,3
725,"McGonnell, Alix","McGonnell, Raina",Raina.McGonnell@Wikibox.com,3
726,"Denniston, Poppy","Denniston, Marin",Marin.Denniston@Zazio.com,3
727,"Behr, Dino","Behr, Harwilll",Harwilll.Behr@Talane.com,3
728,"Paynton, Nikolai","Paynton, Kleon",Kleon.Paynton@BlogXS.com,1
729,"Abella, Kalindi","Abella, Brina",Brina.Abella@Brainverse.com,4
730,"Jedrzejczyk, Lina","Jedrzejczyk, Godard",Godard.Jedrzejczyk@Yakitri.com,1
731,"Shellard, Darrick","Shellard, Leslie",Leslie.Shellard@Miboo.com,3
732,"Brazur, Eunice","Brazur, Ambrosio",Ambrosio.Brazur@Vinder.com,4
733,"Vasquez, Livvyy","Vasquez, Georgianne",Georgianne.Vasquez@Rhyzio.com,4
734,"Figgen, Hyacintha","Figgen, Lynnett",Lynnett.Figgen@Jetpulse.com,4
735,"Daniello, Reggis","Daniello, Raffarty",Raffarty.Daniello@Feedfire.com,1
736,"Berrane, Braden","Berrane, Lizette",Lizette.Berrane@Quatz.com,1
737,"Wyrall, Gil","Wyrall, Parrnell",Parrnell.Wyrall@Oyoba.com,4
738,"Yurygyn, Emylee","Yurygyn, Murvyn",Murvyn.Yurygyn@Centizu.com,2
739,"Colvill, Rori","Colvill, Chaddy",Chaddy.Colvill@Leenti.com,2
740,"Ibbitson, Margot","Ibbitson, Rutherford",Rutherford.Ibbitson@Skipstorm.com,1
741,"Greengrass, Brenden","Greengrass, Nesta",Nesta.Greengrass@Divape.com,3
742,"Marte, Pepi","Marte, Ruperto",Ruperto.Marte@Zoombox.com,2
743,"Veare, Lindi","Veare, Whitman",Whitman.Veare@Dabfeed.com,2
744,"Slucock, Randi","Slucock, Elisha",Elisha.Slucock@Edgeclub.com,1
745,"Guitton, Tate","Guitton, Penrod",Penrod.Guitton@Babbleopia.com,2
746,"Queree, Farris","Queree, Stefanie",Stefanie.Queree@Zazio.com,2
747,"Goulstone, Janina","Goulstone, Ema",Ema.Goulstone@Kwinu.com,4
748,"McCuaig, Samara","McCuaig, Sheffy",Sheffy.McCuaig@Yamia.com,3
749,"Sangwin, Austin","Sangwin, Jesse",Jesse.Sangwin@Zoomlounge.com,2
750,"Langforth, Jasmina","Langforth, Sibilla",Sibilla.Langforth@Voolia.com,4
751,"Geaney, Marve","Geaney, Sarita",Sarita.Geaney@Realmix.com,2
752,"Drinkel, Alyda","Drinkel, Deva",Deva.Drinkel@Mita.com,4
753,"McLean, Karry","McLean, Barn",Barn.McLean@Topiclounge.com,4
754,"Beggan, Jorgan","Beggan, Chrissy",Chrissy.Beggan@Thoughtblab.com,1
755,"Mathouse, Ned","Mathouse, Hubey",Hubey.Mathouse@Kayveo.com,2
756,"Chumley, Harrietta","Chumley, Chicky",Chicky.Chumley@Mybuzz.com,4
757,"Forestall, Florida","Forestall, Chevy",Chevy.Forestall@Fatz.com,3
758,"Potteril, Dodie","Potteril, Wait",Wait.Potteril@Twitterbridge.com,4
759,"Addeycott, Lacey","Addeycott, Janelle",Janelle.Addeycott@Jabbersphere.com,3
760,"Cona, Yoshiko","Cona, Enoch",Enoch.Cona@Voomm.com,4
761,"Readwood, Maggi","Readwood, Xylia",Xylia.Readwood@Divavu.com,2
762,"Regglar, Davon","Regglar, Sella",Sella.Regglar@Aimbu.com,3
763,"Dainty, Laird","Dainty, Lethia",Lethia.Dainty@Tekfly.com,1
764,"Halfhyde, Melvin","Halfhyde, Clemmie",Clemmie.Halfhyde@Wordpedia.com,4
765,"Dumingo, Emlen","Dumingo, Trip",Trip.Dumingo@Skyvu.com,1
766,"Tarbett, Aliza","Tarbett, Lambert",Lambert.Tarbett@Twitterlist.com,2
767,"Henrion, Rosalynd","Henrion, Jerrilyn",Jerrilyn.Henrion@Feedmix.com,3
768,"Martyn, Agata","Martyn, Avrom",Avrom.Martyn@Thoughtbeat.com,2
769,"Oswal, Basia","Oswal, Corry",Corry.Oswal@Meetz.com,1
770,"Beggs, Trumaine","Beggs, Joscelin",Joscelin.Beggs@Yadel.com,4
771,"MacCauley, Loreen","MacCauley, Pris",Pris.MacCauley@Mita.com,1
772,"Zorzi, Lynea","Zorzi, Jennie",Jennie.Zorzi@Brainsphere.com,3
773,"Bolstridge, Hans","Bolstridge, Gino",Gino.Bolstridge@Oloo.com,3
774,"Roycroft, Irvine","Roycroft, Thomas",Thomas.Roycroft@Realbuzz.com,3
775,"Valente, Thorstein","Valente, Cameron",Cameron.Valente@Thoughtbridge.com,2
776,"Grovier, Rosemonde","Grovier, Selia",Selia.Grovier@Skynoodle.com,1
777,"Elsey, Pepe","Elsey, Britni",Britni.Elsey@Skipfire.com,1
778,"Jurzyk, Nick","Jurzyk, Tracy",Tracy.Jurzyk@Youtags.com,1
779,"Joscelyne, Katharina","Joscelyne, Stafani",Stafani.Joscelyne@Linktype.com,2
780,"Geipel, Skip","Geipel, Agnella",Agnella.Geipel@Flashpoint.com,1
781,"Penrith, Parrnell","Penrith, Barb",Barb.Penrith@Gigaclub.com,4
782,"Ferandez, Reggis","Ferandez, Janel",Janel.Ferandez@Thoughtblab.com,2
783,"Bischof, Valentine","Bischof, Berkley",Berkley.Bischof@Oba.com,2
784,"Townson, Adah","Townson, Flore",Flore.Townson@Teklist.com,3
785,"Yosifov, Andy","Yosifov, Meade",Meade.Yosifov@Gabcube.com,1
786,"Milham, Tracey","Milham, Helga",Helga.Milham@Latz.com,1
787,"Meynell, Tammie","Meynell, Sloan",Sloan.Meynell@Dabtype.com,2
788,"Tithecote, Haywood","Tithecote, Burk",Burk.Tithecote@Topicware.com,2
789,"Gove, Caye","Gove, Yolande",Yolande.Gove@Bluezoom.com,3
790,"Nutman, Armstrong","Nutman, Aldric",Aldric.Nutman@Meedoo.com,4
791,"Bront, Mariska","Bront, Lou",Lou.Bront@Yakijo.com,2
792,"Ivanin, Shina","Ivanin, Ber",Ber.Ivanin@Oozz.com,3
793,"Bissiker, Vance","Bissiker, Zebulen",Zebulen.Bissiker@Izio.com,3
794,"Tussaine, Ebenezer","Tussaine, Romonda",Romonda.Tussaine@Tekfly.com,1
795,"Enriques, Findley","Enriques, Elisabet",Elisabet.Enriques@Rhybox.com,2
796,"Belshaw, Rosamond","Belshaw, Irvin",Irvin.Belshaw@Feednation.com,2
797,"Fieldgate, Barclay","Fieldgate, Jesse",Jesse.Fieldgate@Rhycero.com,4
798,"O' Connell, Tammie","O' Connell, Florry",Florry.O' Connell@Thoughtbridge.com,4
799,"Plunket, Jami","Plunket, Louis",Louis.Plunket@Wordtune.com,2
800,"Spinetti, Stacee","Spinetti, Susan",Susan.Spinetti@Leexo.com,1
801,"Segrave, Correna","Segrave, Gaspar",Gaspar.Segrave@Jamia.com,3
802,"Hele, Gil","Hele, Odetta",Odetta.Hele@Kwilith.com,4
803,"Doig, Isaiah","Doig, Stern",Stern.Doig@Abata.com,2
804,"Quodling, Davidson","Quodling, Tannie",Tannie.Quodling@Snaptags.com,2
805,"Swaby, Saul","Swaby, Eadith",Eadith.Swaby@Youbridge.com,2
806,"Glassard, Melanie","Glassard, Belva",Belva.Glassard@Dynabox.com,3
807,"Galland, Sharity","Galland, Pierson",Pierson.Galland@Dabshots.com,4
808,"Lillgard, Antoine","Lillgard, Maurine",Maurine.Lillgard@Meevee.com,2
809,"Wadesworth, Dorotea","Wadesworth, Mano",Mano.Wadesworth@Buzzshare.com,4
810,"Ciani, Kimberlee","Ciani, Carin",Carin.Ciani@Vipe.com,1
811,"Dorsey, Pauline","Dorsey, Erich",Erich.Dorsey@Wordtune.com,1
812,"Forward, Bettina","Forward, Ingrim",Ingrim.Forward@Aibox.com,1
813,"Ginnelly, Mike","Ginnelly, Colver",Colver.Ginnelly@Youfeed.com,4
814,"Hatcliffe, Conroy","Hatcliffe, Torie",Torie.Hatcliffe@Yamia.com,4
815,"Gavaghan, Cecil","Gavaghan, Fawne",Fawne.Gavaghan@Blogpad.com,3
816,"Pattingson, Filippa","Pattingson, Petunia",Petunia.Pattingson@Zoomzone.com,1
817,"Harford, Janene","Harford, Pembroke",Pembroke.Harford@Skyvu.com,4
818,"Livings, Carri","Livings, Ewart",Ewart.Livings@Realcube.com,4
819,"Kleinhandler, Mitzi","Kleinhandler, Sigrid",Sigrid.Kleinhandler@Feedfire.com,2
820,"Matas, Shaine","Matas, Diarmid",Diarmid.Matas@Dabjam.com,3
821,"Tutin, Fraze","Tutin, Cayla",Cayla.Tutin@Digitube.com,2
822,"Mallett, Nola","Mallett, Caitrin",Caitrin.Mallett@Wikibox.com,1
823,"Burford, Hardy","Burford, Audy",Audy.Burford@Meembee.com,2
824,"Pedlingham, Sarine","Pedlingham, Linell",Linell.Pedlingham@Flipbug.com,2
825,"Amyes, Bary","Amyes, Curcio",Curcio.Amyes@Zoombox.com,3
826,"Sheerman, Berthe","Sheerman, Pinchas",Pinchas.Sheerman@Gabtype.com,2
827,"Divina, Charisse","Divina, Drugi",Drugi.Divina@Babbleblab.com,1
828,"Emms, Calla","Emms, Gabbie",Gabbie.Emms@Youspan.com,3
829,"Breheny, West","Breheny, Delores",Delores.Breheny@Blogtags.com,1
830,"Piner, Patsy","Piner, Bat",Bat.Piner@Linklinks.com,2
831,"Janusz, Fairleigh","Janusz, Eleanor",Eleanor.Janusz@Skipfire.com,4
832,"Lepere, Rodrick","Lepere, Fern",Fern.Lepere@Dabvine.com,3
833,"Burkert, Kissie","Burkert, Candra",Candra.Burkert@Yodel.com,1
834,"Joost, Alanson","Joost, Sherri",Sherri.Joost@Feedfish.com,1
835,"Deares, Shelly","Deares, Ella",Ella.Deares@Voonder.com,2
836,"Moseby, Angy","Moseby, Heloise",Heloise.Moseby@Skinte.com,4
837,"Triggol, Corabel","Triggol, Madeline",Madeline.Triggol@Dazzlesphere.com,1
838,"Kennan, Jose","Kennan, Frannie",Frannie.Kennan@Devify.com,4
839,"Dey, Ferd","Dey, Gay",Gay.Dey@Buzzbean.com,1
840,"Bumphrey, Katlin","Bumphrey, Sutton",Sutton.Bumphrey@Roomm.com,4
841,"Gauld, Dana","Gauld, Raddie",Raddie.Gauld@Skivee.com,2
842,"McReidy, Alys","McReidy, Adelheid",Adelheid.McReidy@Mudo.com,4
843,"Kenwell, Maure","Kenwell, Kip",Kip.Kenwell@Thoughtbeat.com,3
844,"Roark, Virgie","Roark, Alyosha",Alyosha.Roark@Oba.com,1
845,"Biggerstaff, Jacklin","Biggerstaff, Onfroi",Onfroi.Biggerstaff@Miboo.com,1
846,"Fautly, Wade","Fautly, Ahmad",Ahmad.Fautly@Yakidoo.com,1
847,"Capewell, Loydie","Capewell, Patrizio",Patrizio.Capewell@Plajo.com,2
848,"Sankey, Emmalynn","Sankey, Giraldo",Giraldo.Sankey@Meetz.com,2
849,"Gerring, Shannon","Gerring, Ashbey",Ashbey.Gerring@Youfeed.com,3
850,"Cornewall, Denna","Cornewall, Lona",Lona.Cornewall@Yozio.com,4
851,"Barca, Meyer","Barca, Matty",Matty.Barca@Realpoint.com,2
852,"Macklin, Goldia","Macklin, Sigmund",Sigmund.Macklin@Zoomcast.com,3
853,"Dawbery, Curry","Dawbery, Ashlan",Ashlan.Dawbery@Avamm.com,3
854,"Elderkin, Heidi","Elderkin, Wandie",Wandie.Elderkin@Dabtype.com,3
855,"Derrett, Peggie","Derrett, Reade",Reade.Derrett@Quaxo.com,4
856,"Hauck, Ingunna","Hauck, Frederik",Frederik.Hauck@Mybuzz.com,1
857,"Gosson, Emmott","Gosson, Sheela",Sheela.Gosson@Flashdog.com,4
858,"O'Currine, Guinna","O'Currine, Colette",Colette.O'Currine@Lajo.com,1
859,"Causier, Haleigh","Causier, Rory",Rory.Causier@Yotz.com,4
860,"Hovenden, Karel","Hovenden, Nial",Nial.Hovenden@Realbridge.com,1
861,"Heathcott, Ragnar","Heathcott, Morganica",Morganica.Heathcott@Vimbo.com,1
862,"Gleder, Axe","Gleder, Lauritz",Lauritz.Gleder@Twinder.com,2
863,"Frane, Poul","Frane, Harrison",Harrison.Frane@Vinte.com,4
864,"Pelerin, Jerry","Pelerin, Cortney",Cortney.Pelerin@Meemm.com,4
865,"Littledike, Gayler","Littledike, Mellicent",Mellicent.Littledike@Meedoo.com,2
866,"Chilvers, Bartlett","Chilvers, Dame",Dame.Chilvers@Buzzster.com,1
867,"Munnings, Harwell","Munnings, Ninette",Ninette.Munnings@Shufflester.com,2
868,"Constantine, Russell","Constantine, Sib",Sib.Constantine@Abata.com,3
869,"Ludlom, Zulema","Ludlom, Gray",Gray.Ludlom@Buzzdog.com,1
870,"Wogdon, Dewain","Wogdon, Normy",Normy.Wogdon@Oodoo.com,1
871,"Altamirano, Merrily","Altamirano, Benoite",Benoite.Altamirano@Einti.com,3
872,"Rattrie, Bartholemy","Rattrie, Kylie",Kylie.Rattrie@Blognation.com,3
873,"Heikkinen, Leroi","Heikkinen, Elmore",Elmore.Heikkinen@Quinu.com,4
874,"Blakes, Kamila","Blakes, Rafaela",Rafaela.Blakes@Divape.com,2
875,"Seedull, Vincent","Seedull, Ekaterina",Ekaterina.Seedull@Brainverse.com,4
876,"La Torre, Remy","La Torre, Akim",Akim.La Torre@Twitterbridge.com,3
877,"Lawty, Brig","Lawty, Bibi",Bibi.Lawty@Yozio.com,1
878,"Darben, Kassie","Darben, Clem",Clem.Darben@Thoughtmix.com,2
879,"Drees, Barnie","Drees, Roddie",Roddie.Drees@Photojam.com,3
880,"Pezey, Leslie","Pezey, Graehme",Graehme.Pezey@Edgepulse.com,3
881,"Gobel, Ted","Gobel, Mead",Mead.Gobel@Yotz.com,2
882,"Pagen, Noach","Pagen, Chalmers",Chalmers.Pagen@Riffpedia.com,2
883,"Taggert, Elita","Taggert, Tyne",Tyne.Taggert@Voonix.com,3
884,"Roches, Tony","Roches, Cam",Cam.Roches@Edgeblab.com,3
885,"Wines, Phelia","Wines, Marshall",Marshall.Wines@Aibox.com,4
886,"Boarer, Kris","Boarer, Brigitta",Brigitta.Boarer@Oyope.com,3
887,"Fearey, Courtnay","Fearey, Micki",Micki.Fearey@Youopia.com,4
888,"Pedrazzi, Bartie","Pedrazzi, Rhody",Rhody.Pedrazzi@Oyope.com,2
889,"Sogg, Pincas","Sogg, Mara",Mara.Sogg@Wikizz.com,1
890,"Rand, Delainey","Rand, Lyndsey",Lyndsey.Rand@Yotz.com,4
891,"Fleis, Alvy","Fleis, Kellen",Kellen.Fleis@Skyba.com,3
892,"Thominga, Chrotoem","Thominga, Rayna",Rayna.Thominga@Reallinks.com,2
893,"Gobel, Ebeneser","Gobel, Cindi",Cindi.Gobel@Pixoboo.com,4
894,"Perillio, Orelee","Perillio, Philipa",Philipa.Perillio@Photobug.com,2
895,"Wiffen, Carmelita","Wiffen, Karyn",Karyn.Wiffen@Buzzdog.com,4
896,"Grimestone, Dion","Grimestone, Tiffany",Tiffany.Grimestone@Thoughtmix.com,4
897,"Sloey, Terry","Sloey, Elwin",Elwin.Sloey@Shuffledrive.com,3
898,"Pallaske, Reube","Pallaske, Prince",Prince.Pallaske@Thoughtmix.com,1
899,"Woodard, Ossie","Woodard, Korrie",Korrie.Woodard@Devpoint.com,4
900,"Navarijo, Olly","Navarijo, Rebe",Rebe.Navarijo@Fliptune.com,3
901,"Shackesby, Maybelle","Shackesby, Lynna",Lynna.Shackesby@Zoovu.com,1
902,"Plum, Seumas","Plum, Pablo",Pablo.Plum@Kare.com,3
903,"Glassborow, Burl","Glassborow, Cary",Cary.Glassborow@Flipstorm.com,1
904,"Laidler, Farra","Laidler, Jeremias",Jeremias.Laidler@Talane.com,1
905,"Callicott, Olwen","Callicott, Ira",Ira.Callicott@Photobug.com,3
906,"Djorvic, Zoe","Djorvic, May",May.Djorvic@Youspan.com,3
907,"Faudrie, Tonye","Faudrie, Wendel",Wendel.Faudrie@Tazz.com,4
908,"Alvin, Jody","Alvin, Kenna",Kenna.Alvin@Zooxo.com,3
909,"Feuell, Brandie","Feuell, Sauncho",Sauncho.Feuell@Chatterpoint.com,1
910,"Stonard, Mic","Stonard, Aeriela",Aeriela.Stonard@Zoonoodle.com,3
911,"Kevane, Jilli","Kevane, Onfre",Onfre.Kevane@Wikido.com,4
912,"Fforde, Jessie","Fforde, Zia",Zia.Fforde@Yodoo.com,2
913,"Manntschke, Eleonora","Manntschke, Sioux",Sioux.Manntschke@Zoomzone.com,1
914,"Bergin, Westley","Bergin, Rock",Rock.Bergin@Yakidoo.com,3
915,"Carabine, Thelma","Carabine, Celestyna",Celestyna.Carabine@Meeveo.com,2
916,"Ferebee, Nannie","Ferebee, Darsey",Darsey.Ferebee@Reallinks.com,1
917,"Klink, Sib","Klink, Grayce",Grayce.Klink@Zoovu.com,1
918,"Skellion, Keely","Skellion, Aubrey",Aubrey.Skellion@Kwideo.com,1
919,"Rosthorn, Erinna","Rosthorn, Cathee",Cathee.Rosthorn@Dazzlesphere.com,3
920,"Lewinton, Elvin","Lewinton, Trey",Trey.Lewinton@Kwimbee.com,2
921,"Zoellner, Rosana","Zoellner, Kirby",Kirby.Zoellner@Yoveo.com,2
922,"Blackborough, Elaine","Blackborough, Guido",Guido.Blackborough@Photofeed.com,3
923,"Ovett, Roddie","Ovett, Rosa",Rosa.Ovett@Browsedrive.com,3
924,"Galia, Ninnetta","Galia, Gibby",Gibby.Galia@DabZ.com,3
925,"Norewood, Casandra","Norewood, Winnifred",Winnifred.Norewood@Zoomzone.com,1
926,"Haney`, Pen","Haney`, Talyah",Talyah.Haney`@Jaxworks.com,4
927,"Mendel, Brigg","Mendel, Morna",Morna.Mendel@Flipstorm.com,1
928,"Cookney, Susana","Cookney, Erskine",Erskine.Cookney@Skyvu.com,4
929,"Widger, Codi","Widger, Polly",Polly.Widger@Trunyx.com,2
930,"Finlason, Sonny","Finlason, Bab",Bab.Finlason@Photospace.com,1
931,"Whardley, Felike","Whardley, Boigie",Boigie.Whardley@Yabox.com,2
932,"Overill, Aileen","Overill, Mabel",Mabel.Overill@Oyondu.com,4
933,"Hobble, Rayna","Hobble, Lancelot",Lancelot.Hobble@Twitterlist.com,2
934,"Corradeschi, Dela","Corradeschi, Ted",Ted.Corradeschi@Devcast.com,1
935,"Arnald, Temple","Arnald, Barrie",Barrie.Arnald@Feedspan.com,2
936,"Garnsworthy, Corey","Garnsworthy, Eryn",Eryn.Garnsworthy@Brainbox.com,4
937,"Skotcher, Lyssa","Skotcher, Dinny",Dinny.Skotcher@Shuffletag.com,3
938,"Congreave, Farra","Congreave, Vera",Vera.Congreave@Topdrive.com,2
939,"Hartle, Chanda","Hartle, Jackquelin",Jackquelin.Hartle@Meejo.com,2
940,"Pressman, Emmott","Pressman, Jamill",Jamill.Pressman@Omba.com,3
941,"Roussel, Alvera","Roussel, Tisha",Tisha.Roussel@Chatterbridge.com,3
942,"Pennington, Korney","Pennington, Roanna",Roanna.Pennington@Youfeed.com,3
943,"Rousby, Travus","Rousby, Caesar",Caesar.Rousby@Dablist.com,4
944,"Pleaden, Wakefield","Pleaden, Louella",Louella.Pleaden@Katz.com,2
945,"Pirrie, Amy","Pirrie, Peggy",Peggy.Pirrie@Zava.com,2
946,"Poyntz, Barn","Poyntz, Alikee",Alikee.Poyntz@Skimia.com,1
947,"Okie, Heindrick","Okie, Bertine",Bertine.Okie@Feednation.com,2
948,"Thulborn, Gan","Thulborn, Cornelius",Cornelius.Thulborn@Jaxbean.com,4
949,"Wallach, Delphinia","Wallach, Prudy",Prudy.Wallach@Thoughtworks.com,1
950,"Hallad, Harlin","Hallad, Rowney",Rowney.Hallad@Meemm.com,3
951,"Side, Ida","Side, Cynde",Cynde.Side@Mymm.com,1
952,"Cavilla, Lia","Cavilla, Moll",Moll.Cavilla@Dynabox.com,1
953,"Bevans, Tammie","Bevans, Kristi",Kristi.Bevans@Jabbercube.com,3
954,"Genny, Towney","Genny, Konrad",Konrad.Genny@Kwideo.com,4
955,"Midson, Darsie","Midson, Tiffanie",Tiffanie.Midson@Buzzbean.com,1
956,"Timeby, Bobbee","Timeby, Lemmie",Lemmie.Timeby@Jayo.com,1
957,"Pardal, Giacinta","Pardal, Richmond",Richmond.Pardal@Rhyzio.com,4
958,"McCrossan, Justinian","McCrossan, Margy",Margy.McCrossan@Kazu.com,1
959,"Peizer, Maxine","Peizer, Eugen",Eugen.Peizer@Devcast.com,2
960,"Oloshin, Claudell","Oloshin, Lilli",Lilli.Oloshin@Kaymbo.com,4
961,"Marc, Risa","Marc, Jobyna",Jobyna.Marc@Twitterworks.com,3
962,"Kowalski, Leontine","Kowalski, Devinne",Devinne.Kowalski@Zazio.com,4
963,"Lindsell, Yasmin","Lindsell, Wit",Wit.Lindsell@Wikizz.com,3
964,"Bestwick, Carlyle","Bestwick, Clareta",Clareta.Bestwick@Yakijo.com,3
965,"Emps, Arnold","Emps, Madelene",Madelene.Emps@Bluezoom.com,3
966,"Trevaskus, Cassandry","Trevaskus, Jerrilee",Jerrilee.Trevaskus@Eazzy.com,1
967,"Whitlock, Julianna","Whitlock, Herbert",Herbert.Whitlock@JumpXS.com,2
968,"Grzelewski, Meryl","Grzelewski, Charita",Charita.Grzelewski@Twitterbridge.com,4
969,"Ketch, Louella","Ketch, Shara",Shara.Ketch@Yakijo.com,1
970,"Dreng, Meredith","Dreng, Fernanda",Fernanda.Dreng@Buzzshare.com,4
971,"Bridgstock, Brana","Bridgstock, Derrik",Derrik.Bridgstock@Innotype.com,1
972,"Roswarne, Efrem","Roswarne, Kara-lynn",Kara-lynn.Roswarne@Oyoyo.com,1
973,"Hannabuss, Catrina","Hannabuss, Gabey",Gabey.Hannabuss@Bubbletube.com,4
974,"Swansbury, Ainslie","Swansbury, Twila",Twila.Swansbury@Browsetype.com,3
975,"Archard, Jerry","Archard, Hilliary",Hilliary.Archard@Ntag.com,3
976,"Chevis, Cly","Chevis, Korie",Korie.Chevis@Mymm.com,3
977,"Alves, Tarrance","Alves, Flint",Flint.Alves@Pixope.com,2
978,"Bakesef, Geneva","Bakesef, Kimball",Kimball.Bakesef@Flashpoint.com,1
979,"Youel, Rosaline","Youel, Calypso",Calypso.Youel@Shufflebeat.com,3
980,"Cessford, Livvyy","Cessford, Roman",Roman.Cessford@Cogibox.com,2
981,"Maharey, Deirdre","Maharey, Dion",Dion.Maharey@Browseblab.com,1
982,"Heckney, Dyan","Heckney, Nate",Nate.Heckney@Realbridge.com,2
983,"Bunclark, Alika","Bunclark, Daffi",Daffi.Bunclark@Quatz.com,1
984,"Flewitt, Daryle","Flewitt, Madelina",Madelina.Flewitt@Gigazoom.com,3
985,"Okeshott, Clovis","Okeshott, Donavon",Donavon.Okeshott@Yakijo.com,1
986,"Shory, Gratia","Shory, Corabella",Corabella.Shory@Devcast.com,1
987,"Beidebeke, Alane","Beidebeke, Leoine",Leoine.Beidebeke@Camimbo.com,3
988,"Hembery, Bridie","Hembery, Agatha",Agatha.Hembery@Bluejam.com,3
989,"Loughran, Hannis","Loughran, Hadleigh",Hadleigh.Loughran@Thoughtsphere.com,3
990,"Glowinski, Gwen","Glowinski, Trenna",Trenna.Glowinski@Twitterworks.com,4
991,"Wrightson, Henrie","Wrightson, Layton",Layton.Wrightson@Zoomlounge.com,1
992,"Raine, Ludwig","Raine, Edy",Edy.Raine@Skilith.com,2
993,"Pie, Hamel","Pie, Hill",Hill.Pie@Jatri.com,2
994,"Sergison, Tamma","Sergison, Tarrance",Tarrance.Sergison@Bluejam.com,4
995,"Worling, Ninetta","Worling, Peterus",Peterus.Worling@Omba.com,1
996,"Tinton, Stanford","Tinton, Kyle",Kyle.Tinton@Dabshots.com,3
997,"MacCook, Ertha","MacCook, Kessiah",Kessiah.MacCook@Topicshots.com,2
998,"Randles, Lawton","Randles, Kali",Kali.Randles@Skalith.com,4
999,"Pashbee, Engracia","Pashbee, Emlynn",Emlynn.Pashbee@Zoomzone.com,2
